frame_no,timestamp,size_px-darkorange,position_px_x-darkorange,position_px_y-darkorange,rx-darkorange,ry-darkorange,vx-darkorange,vy-darkorange,ax-darkorange,ay-darkorange,size_px-green,position_px_x-green,position_px_y-green,rx-green,ry-green,vx-green,vy-green,ax-green,ay-green,size_px-lightorange,position_px_x-lightorange,position_px_y-lightorange,rx-lightorange,ry-lightorange,vx-lightorange,vy-lightorange,ax-lightorange,ay-lightorange,size_px-yellowneon,position_px_x-yellowneon,position_px_y-yellowneon,rx-yellowneon,ry-yellowneon,vx-yellowneon,vy-yellowneon,ax-yellowneon,ay-yellowneon
0,130.8,,,,,,,,,,,,,,,,,,,31,34,133,,,,,,,,,,,,,,,
1,130.8,,,,,,,,,,,,,,,,,,,31,34,133,,,,,,,,,,,,,,,
2,214.1,,,,,,,,,,,,,,,,,,,32,34,132,,,,,,,,,,,,,,,
3,235.6,7,733,742,,,,,,,8,572,739,,,,,,,,,,,,,,,,7,571,905,,,,,,
4,266.8,7,733,742,,,,,,,8,572,739,,,,,,,,,,,,,,,,8,571,905,,,,,,
5,283.3,7,734,743,,,,,,,8,573,740,,,,,,,,,,,,,,,,8,571,905,,,,,,
6,294.6,7,735,743,,,,,,,8,574,740,,,,,,,,,,,,,,,,7,572,906,,,,,,
7,315.6,7,735,743,,,,,,,8,574,740,,,,,,,,,,,,,,,,8,572,905,,,,,,
8,347.2,7,736,743,,,,,,,8,574,740,,,,,,,,,,,,,,,,8,573,905,,,,,,
9,387.7,7,737,744,,,,,,,8,575,740,,,,,,,,,,,,,,,,8,573,905,,,,,,
10,416.7,7,738,745,,,,,,,8,576,740,,,,,,,,,,,,,,,,8,574,906,,,,,,
11,448.5,7,738,744,,,,,,,8,576,740,,,,,,,,,,,,,,,,8,575,906,,,,,,
12,482.7,7,738,742,,,,,,,8,577,740,,,,,,,,,,,,,,,,8,575,905,,,,,,
13,514.9,7,737,741,,,,,,,8,576,739,,,,,,,,,,,,,,,,8,576,905,,,,,,
14,547.1,7,737,739,,,,,,,8,575,739,,,,,,,,,,,,,,,,7,577,905,,,,,,
15,584.1,7,737,738,,,,,,,8,575,739,,,,,,,,,,,,,,,,8,578,905,,,,,,
16,615.2,7,736,736,,,,,,,8,575,739,,,,,,,,,,,,,,,,8,579,904,,,,,,
17,652.7,7,735,735,,,,,,,8,574,739,,,,,,,,,,,,,,,,8,580,904,,,,,,
18,682.4,7,734,733,,,,,,,8,573,739,,,,,,,,,,,,,,,,8,580,903,,,,,,
19,714.9,7,732,732,,,,,,,8,571,737,,,,,,,,,,,,,,,,8,579,902,,,,,,
20,746.7,7,730,730,,,,,,,8,569,736,,,,,,,,,,,,,,,,8,577,901,,,,,,
21,782.6,7,727,729,,,,,,,8,566,736,,,,,,,,,,,,,,,,8,576,902,,,,,,
22,814.8,7,726,729,,,,,,,8,565,737,,,,,,,,,,,,,,,,8,575,902,,,,,,
23,846.6,7,723,728,,,,,,,8,563,737,,,,,,,,,,,,,,,,8,573,902,,,,,,
24,882.5,7,720,727,,,,,,,8,559,737,,,,,,,,,,,,,,,,8,571,902,,,,,,
25,914.9,7,716,727,,,,,,,8,556,739,,,,,,,,,,,,,,,,8,570,903,,,,,,
26,946.8,7,713,726,,,,,,,8,553,741,,,,,,,,,,,,,,,,7,569,904,,,,,,
27,982.4,7,711,727,,,,,,,8,551,743,,,,,,,,,,,,,,,,7,569,907,,,,,,
28,1014.7,7,708,727,,,,,,,8,549,745,,,,,,,,,,,,,,,,7,569,909,,,,,,
29,1047.1,7,705,726,,,,,,,8,546,747,,,,,,,,,,,,,,,,8,568,910,,,,,,
30,1082.7,7,703,726,,,,,,,8,544,748,,,,,,,,,,,,,,,,8,568,912,,,,,,
31,1115.7,7,701,725,,,,,,,8,542,750,,,,,,,,,,,,,,,,7,567,913,,,,,,
32,1147.8,7,698,725,,,,,,,8,540,750,,,,,,,,,,,,,,,,8,566,913,,,,,,
33,1182.6,7,697,725,,,,,,,8,538,750,,,,,,,,,,,,,,,,8,566,913,,,,,,
34,1214.8,7,696,724,,,,,,,8,537,750,,,,,,,,,,,,,,,,8,565,914,,,,,,
35,1252.5,7,695,724,,,,,,,8,536,749,,,,,,,,,,,,,,,,8,564,913,,,,,,
36,1282.8,7,694,723,,,,,,,8,536,748,,,,,,,,,,,,,,,,8,562,911,,,,,,
37,1315.3,7,693,722,,,,,,,7,535,747,,,,,,,,,,,,,,,,7,561,910,,,,,,
38,1348.8,7,692,721,,,,,,,8,534,745,,,,,,,,,,,,,,,,8,559,909,,,,,,
39,1384.7,7,691,721,,,,,,,8,533,745,,,,,,,,,,,,,,,,8,559,908,,,,,,
40,1418.5,7,690,719,,,,,,,8,531,744,,,,,,,,,,,,,,,,8,558,907,,,,,,
41,1448.8,7,690,718,,,,,,,8,531,743,,,,,,,,,,,,,,,,8,558,907,,,,,,
42,1482.4,7,690,717,,,,,,,8,531,742,,,,,,,,,,,,,,,,8,557,905,,,,,,
43,1514.6,7,691,716,,,,,,,8,532,739,,,,,,,,,,,,,,,,8,556,903,,,,,,
44,1547.0,6,694,715,,,,,,,8,534,734,,,,,,,,,,,,,,,,7,554,898,,,,,,
45,1582.4,7,698,715,,,,,,,7,538,727,,,,,,,,,,,,,,,,8,552,892,,,,,,
46,1616.0,6,703,714,,,,,,,8,542,719,,,,,,,,,,,,,,,,7,549,885,,,,,,
47,1646.9,7,708,714,,,,,,,8,546,711,,,,,,,,,,,,,,,,8,547,878,,,,,,
48,1682.7,7,713,715,,,,,,,8,553,704,,,,,,,,,,,,,,,,7,543,869,,,,,,
49,1716.8,7,718,715,,,,,,,7,558,695,,,,,,,,,,,,,,,,7,539,859,,,,,,
50,1747.0,7,722,716,,,,,,,8,564,686,,,,,,,,,,,,,,,,7,535,849,,,,,,
51,1814.3,7,728,721,,,,,,,8,576,669,,,,,,,,,,,,,,,,7,525,826,,,,,,
52,1846.8,7,732,724,,,,,,,7,582,662,,,,,,,,,,,,,,,,7,521,815,,,,,,
53,1883.0,7,733,728,,,,,,,8,589,654,,,,,,,,,,,,,,,,7,517,802,,,,,,
54,1916.6,7,735,732,,,,,,,7,596,648,,,,,,,,,,,,,,,,7,513,790,,,,,,
55,1947.8,6,736,735,,,,,,,7,603,642,,,,,,,,,,,,,,,,7,510,778,,,,,,
56,1982.6,7,736,739,,,,,,,8,610,637,,,,,,,,,,,,,,,,7,508,765,,,,,,
57,2014.7,6,736,743,,,,,,,7,617,633,,,,,,,,,,,,,,,,7,506,753,,,,,,
58,2049.0,7,735,747,,,,,,,8,624,628,,,,,,,,,,,,,,,,7,505,740,,,,,,
59,2082.5,7,733,752,,,,,,,8,631,625,,,,,,,,,,,,,,,,7,504,728,,,,,,
60,2116.6,7,732,755,,,,,,,8,638,622,,,,,,,,,,,,,,,,7,504,715,,,,,,
61,2147.1,7,728,759,,,,,,,8,645,620,,,,,,,,,,,,,,,,7,505,704,,,,,,
62,2182.7,7,726,763,,,,,,,8,652,618,,,,,,,,,,,,,,,,7,506,691,,,,,,
63,2214.8,6,721,767,,,,,,,7,658,617,,,,,,,,,,,,,,,,7,507,680,,,,,,
64,2247.1,7,716,771,,,,,,,8,664,617,,,,,,,,,,,,,,,,7,509,668,,,,,,
65,2282.9,7,712,773,,,,,,,8,670,617,,,,,,,,,,,,,,,,7,512,657,,,,,,
66,2315.3,7,706,776,,,,,,,8,675,618,,,,,,,,,,,,,,,,7,515,646,,,,,,
67,2382.6,7,694,781,,,,,,,8,685,620,,,,,,,,,,,,,,,,7,522,625,,,,,,
68,2414.8,6,686,783,,,,,,,8,689,622,,,,,,,,,,,,,,,,7,526,616,,,,,,
69,2446.8,6,679,784,,,,,,,8,693,624,,,,,,,,,,,,,,,,7,531,607,,,,,,
70,2484.9,6,671,786,,,,,,,8,697,627,,,,,,,,,,,,,,,,7,536,598,,,,,,
71,2518.6,6,663,787,,,,,,,8,700,630,,,,,,,,,,,,,,,,7,541,590,,,,,,
72,2548.2,6,654,787,,,,,,,8,702,633,,,,,,,,,,,,,,,,7,547,582,,,,,,
73,2582.5,6,645,786,,,,,,,8,704,637,,,,,,,,,,,,,,,,7,552,575,,,,,,
74,2619.6,6,636,785,,,,,,,8,705,641,,,,,,,,,,,,,,,,7,558,568,,,,,,
75,2682.3,6,616,782,,,,,,,8,705,649,,,,,,,,,,,,,,,,7,570,556,,,,,,
76,2718.7,6,607,780,,,,,,,8,705,654,,,,,,,,,,,,,,,,7,576,551,,,,,,
77,2747.0,6,597,776,,,,,,,8,704,657,,,,,,,,,,,,,,,,7,583,547,,,,,,
78,2782.7,6,587,773,,,,,,,8,702,662,,,,,,,,,,,,,,,,8,588,543,,,,,,
79,2815.3,6,577,769,,,,,,,8,700,666,,,,,,,,,,,,,,,,7,595,540,,,,,,
80,2846.9,6,567,764,,,,,,,8,697,671,,,,,,,,,,,,,,,,8,601,537,,,,,,
81,2882.5,6,557,759,,,,,,,8,693,675,,,,,,,,,,,,,,,,7,607,535,,,,,,
82,2915.8,6,547,753,,,,,,,8,689,678,,,,,,,,,,,,,,,,7,612,533,,,,,,
83,2947.1,6,538,747,,,,,,,8,684,684,,,,,,,,,,,,,,,,8,618,533,,,,,,
84,2982.9,6,528,740,,,,,,,8,678,686,,,,,,,,,,,,,,,,8,623,532,,,,,,
85,3015.0,6,518,732,,,,,,,8,673,690,,,,,,,,,,,,,,,,7,628,532,,,,,,
86,3047.0,6,509,725,,,,,,,8,666,693,,,,,,,,,,,,,,,,8,633,533,,,,,,
87,3082.7,6,500,716,,,,,,,8,659,695,,,,,,,,,,,,,,,,7,637,534,,,,,,
88,3116.7,6,492,708,,,,,,,8,652,698,,,,,,,,,,,,,,,,8,641,535,,,,,,
89,3147.6,6,483,699,,,,,,,8,644,700,,,,,,,,,,,,,,,,8,644,537,,,,,,
90,3182.6,6,476,689,,,,,,,8,636,702,,,,,,,,,,,,,,,,7,647,539,,,,,,
91,3246.6,6,462,670,,,,,,,8,618,705,,,,,,,,,,,,,,,,8,652,545,,,,,,
92,3282.7,6,455,659,,,,,,,7,609,705,,,,,,,,,,,,,,,,8,654,549,,,,,,
93,3316.7,6,449,648,,,,,,,7,599,705,,,,,,,,,,,,,,,,8,655,552,,,,,,
94,3352.7,6,443,638,,,,,,,7,589,704,,,,,,,,,,,,,,,,8,655,556,,,,,,
95,3384.5,6,438,626,,,,,,,7,579,702,,,,,,,,,,,,,,,,7,655,559,,,,,,
96,3415.1,6,433,615,,,,,,,7,568,701,,,,,,,,,,,,,,,,8,655,564,,,,,,
97,3447.1,6,428,603,,,,,,,7,557,698,,,,,,,,,,,,,,,,8,654,568,,,,,,
98,3482.4,6,425,592,,,,,,,7,547,696,,,,,,,,,,,,,,,,7,652,572,,,,,,
99,3514.7,6,421,580,,,,,,,7,537,693,,,,,,,,,,,,,,,,8,649,576,,,,,,
100,3547.1,6,419,569,,,,,,,8,526,688,,,,,,,,,,,,,,,,8,647,581,,,,,,
101,3614.5,6,415,545,,,,,,,7,504,679,,,,,,,,,,,,,,,,8,639,589,,,,,,
102,3647.3,6,414,534,,,,,,,7,493,675,,,,,,,,,,,,,,,,7,634,593,,,,,,
103,3682.8,6,413,523,,,,,,,7,483,668,,,,,,,,,,,,,,,,7,629,597,,,,,,
104,3715.2,6,413,512,,,,,,,7,472,661,,,,,,,,,,,,,,,,7,623,601,,,,,,
105,3746.8,6,413,501,,,,,,,7,463,654,,,,,,,,,,,,,,,,7,617,604,,,,,,
106,3782.9,6,414,490,,,,,,,7,452,646,,,,,,,,,,,,,,,,7,610,607,,,,,,
107,3815.2,6,415,480,,,,,,,7,442,639,,,,,,,,,,,,,,,,7,603,611,,,,,,
108,3846.8,6,416,470,,,,,,,7,433,629,,,,,,,,,,,,,,,,7,595,613,,,,,,
109,3883.6,6,419,460,,,,,,,7,424,621,,,,,,,,,,,,,,,,7,586,616,,,,,,
110,3946.5,6,423,442,,,,,,,8,407,602,,,,,,,,,,,,,,,,7,569,619,,,,,,
111,3983.0,6,426,433,,,,,,,7,399,592,,,,,,,,,,,,,,,,7,558,620,,,,,,
112,4015.3,6,430,425,,,,,,,7,391,581,,,,,,,,,,,,,,,,7,549,621,,,,,,
113,4048.8,6,433,418,,,,,,,7,384,570,,,,,,,,,,,,,,,,7,539,621,,,,,,
114,4082.6,6,437,410,,,,,,,8,378,560,,,,,,,,,,,,,,,,7,528,621,,,,,,
115,4114.7,6,440,404,,,,,,,8,371,548,,,,,,,,,,,,,,,,7,518,619,,,,,,
116,4147.1,6,445,398,,,,,,,8,366,538,,,,,,,,,,,,,,,,7,507,618,,,,,,
117,4214.4,6,453,387,,,,,,,7,355,514,,,,,,,,,,,,,,,,7,485,614,,,,,,
118,4246.6,7,457,382,,,,,,,7,351,502,,,,,,,,,,,,,,,,7,473,611,,,,,,
119,4282.9,7,462,379,,,,,,,8,348,491,,,,,,,,,,,,,,,,7,461,607,,,,,,
120,4314.8,7,466,376,,,,,,,7,344,479,,,,,,,,,,,,,,,,7,450,604,,,,,,
121,4346.7,7,470,373,,,,,,,8,342,468,,,,,,,,,,,,,,,,7,439,599,,,,,,
122,4383.1,7,474,370,,,,,,,7,339,456,,,,,,,,,,,,,,,,7,428,594,,,,,,
123,4415.8,6,478,368,,,,,,,7,337,444,,,,,,,,,,,,,,,,7,416,588,,,,,,
124,4447.1,7,482,367,,,,,,,7,336,433,,,,,,,,,,,,,,,,7,405,582,,,,,,
125,4482.4,7,486,366,,,,,,,8,335,422,,,,,,,,,,,,,,,,7,394,575,,,,,,
126,4515.5,7,489,366,,,,,,,7,335,411,,,,,,,,,,,,,,,,7,383,568,,,,,,
127,4547.5,7,492,366,,,,,,,8,335,401,,,,,,,,,,,,,,,,7,372,561,,,,,,
128,4614.5,7,497,368,,,,,,,8,337,381,,,,,,,,,,,,,,,,7,352,544,,,,,,
129,4646.8,7,499,370,,,,,,,8,338,371,,,,,,,,,,,,,,,,7,342,536,,,,,,
130,4683.2,7,500,372,,,,,,,8,340,362,,,,,,,,,,,,,,,,7,333,526,,,,,,
131,4746.5,7,503,377,,,,,,,8,345,345,,,,,,,,,,,,,,,,7,315,507,,,,,,
132,4782.8,7,503,379,,,,,,,8,347,337,,,,,,,,,,,,,,,,7,307,496,,,,,,
133,4815.0,7,503,383,,,,,,,8,350,330,,,,,,,,,,,,,,,,7,299,486,,,,,,
134,4847.3,6,502,386,,,,,,,8,353,323,,,,,,,,,,,,,,,,7,292,475,,,,,,
135,4882.6,7,500,390,,,,,,,8,357,317,,,,,,,,,,,,,,,,7,284,464,,,,,,
136,4914.8,7,499,394,,,,,,,8,360,311,,,,,,,,,,,,,,,,7,277,453,,,,,,
137,4946.7,6,496,398,,,,,,,8,363,306,,,,,,,,,,,,,,,,7,272,442,,,,,,
138,4983.1,7,493,402,,,,,,,8,367,301,,,,,,,,,,,,,,,,7,266,431,,,,,,
139,5015.0,6,490,406,,,,,,,8,370,297,,,,,,,,,,,,,,,,7,261,419,,,,,,
140,5047.1,6,486,410,,,,,,,8,374,294,,,,,,,,,,,,,,,,7,257,407,,,,,,
141,5082.8,6,481,415,,,,,,,8,378,290,,,,,,,,,,,,,,,,7,252,396,,,,,,
142,5114.7,6,476,419,,,,,,,8,381,288,,,,,,,,,,,,,,,,8,249,385,,,,,,
143,5146.9,6,471,423,,,,,,,9,385,286,,,,,,,,,,,,,,,,8,246,373,,,,,,
144,5185.2,6,465,427,,,,,,,8,388,285,,,,,,,,,,,,,,,,8,243,362,,,,,,
145,5215.4,6,458,431,,,,,,,8,391,284,,,,,,,,,,,,,,,,7,241,351,,,,,,
146,5246.9,6,451,435,,,,,,,8,393,284,,,,,,,,,,,,,,,,7,239,341,,,,,,
147,5282.7,6,443,438,,,,,,,8,396,284,,,,,,,,,,,,,,,,8,238,330,,,,,,
148,5316.7,6,435,442,,,,,,,8,398,284,,,,,,,,,,,,,,,,8,238,320,,,,,,
149,5346.9,6,426,445,,,,,,,8,401,286,,,,,,,,,,,,,,,,8,237,310,,,,,,
150,5446.6,6,398,452,,,,,,,8,404,292,,,,,,,,,,,,,,,,8,239,282,,,,,,
151,5482.6,6,387,454,,,,,,,8,404,294,,,,,,,,,,,,,,,,8,240,273,,,,,,
152,5515.3,6,377,455,,,,,,,8,404,297,,,,,,,,,,,,,,,,8,241,265,,,,,,
153,5548.4,6,365,456,,,,,,,8,403,301,,,,,,,,,,,,,,,,8,243,258,,,,,,
154,5582.8,6,354,457,,,,,,,8,402,304,,,,,,,,,,,,,,,,8,245,251,,,,,,
155,5615.3,6,343,457,,,,,,,8,401,308,,,,,,,,,,,,,,,,8,247,244,,,,,,
156,5646.9,6,331,457,,,,,,,8,398,312,,,,,,,,,,,,,,,,8,249,238,,,,,,
157,5683.0,6,318,456,,,,,,,8,397,317,,,,,,,,,,,,,,,,8,251,232,,,,,,
158,5715.0,6,306,455,,,,,,,8,393,321,,,,,,,,,,,,,,,,8,254,227,,,,,,
159,5747.0,6,293,453,,,,,,,8,389,325,,,,,,,,,,,,,,,,8,257,223,,,,,,
160,5782.6,6,280,451,,,,,,,8,385,330,,,,,,,,,,,,,,,,8,259,219,,,,,,
161,5814.7,6,268,448,,,,,,,8,380,335,,,,,,,,,,,,,,,,8,262,215,,,,,,
162,5847.7,6,255,445,,,,,,,8,375,339,,,,,,,,,,,,,,,,8,265,213,,,,,,
163,5882.6,6,242,441,,,,,,,8,370,344,,,,,,,,,,,,,,,,8,267,210,,,,,,
164,5916.7,6,229,436,,,,,,,7,363,348,,,,,,,,,,,,,,,,8,269,208,,,,,,
165,5947.5,6,216,432,,,,,,,8,356,353,,,,,,,,,,,,,,,,8,272,207,,,,,,
166,5982.9,6,203,426,,,,,,,7,348,357,,,,,,,,,,,,,,,,8,274,206,,,,,,
167,6015.0,6,191,420,,,,,,,8,340,361,,,,,,,,,,,,,,,,8,277,206,,,,,,
168,6046.9,6,178,415,,,,,,,7,332,365,,,,,,,,,,,,,,,,8,278,206,,,,,,
169,6083.8,6,166,408,,,,,,,8,323,369,,,,,,,,,,,,,,,,8,280,207,,,,,,
170,6116.9,6,154,400,,,,,,,8,313,372,,,,,,,,,,,,,,,,8,281,208,,,,,,
171,6148.7,6,142,393,,,,,,,8,303,375,,,,,,,,,,,,,,,,8,282,210,,,,,,
172,6182.6,6,130,385,,,,,,,7,292,378,,,,,,,,,,,,,,,,8,282,212,,,,,,
173,6214.6,6,119,377,,,,,,,8,282,381,,,,,,,,,,,,,,,,8,282,214,,,,,,
174,6282.3,6,97,359,,,,,,,8,259,384,,,,,,,,,,,,,,,,8,281,220,,,,,,
175,6315.0,6,87,350,,,,,,,8,247,385,,,,,,,,,,,,,,,,8,280,223,,,,,,
176,6346.8,6,77,340,,,,,,,8,235,386,,,,,,,,,,,,,,,,8,278,227,,,,,,
177,6384.7,6,68,330,,,,,,,8,222,387,,,,,,,,,,,,,,,,8,276,231,,,,,,
178,6415.1,7,62,323,,,,,,,8,213,386,,,,,,,,,,,,,,,,8,275,233,,,,,,
179,6447.0,7,65,324,,,,,,,8,217,384,,,,,,,,,,,,,,,,8,275,229,,,,,,
180,6482.8,7,67,324,,,,,,,8,220,382,,,,,,,,,,,,,,,,8,276,226,,,,,,
181,6546.7,7,72,326,,,,,,,8,228,377,,,,,,,,,,,,,,,,8,277,219,,,,,,
182,6583.8,7,75,327,,,,,,,8,232,374,,,,,,,,,,,,,,,,8,277,215,,,,,,
183,6618.6,7,78,328,,,,,,,8,236,372,,,,,,,,,,,,,,,,8,277,211,,,,,,
184,6648.9,7,81,329,,,,,,,8,239,370,,,,,,,,,,,,,,,,8,278,208,,,,,,
185,6682.7,7,84,330,,,,,,,8,243,367,,,,,,,,,,,,,,,,8,278,205,,,,,,
186,6746.6,7,90,331,,,,,,,8,250,362,,,,,,,,,,,,,,,,8,278,198,,,,,,
187,6782.9,7,92,332,,,,,,,8,254,359,,,,,,,,,,,,,,,,8,278,195,,,,,,
188,6814.5,7,96,333,,,,,,,8,258,357,,,,,,,,,,,,,,,,8,278,192,,,,,,
189,6847.0,7,99,334,,,,,,,8,261,355,,,,,,,,,,,,,,,,8,277,188,,,,,,
190,6882.7,7,102,335,,,,,,,8,264,352,,,,,,,,,,,,,,,,8,278,185,,,,,,
191,6916.1,7,105,336,,,,,,,8,267,349,,,,,,,,,,,,,,,,8,277,182,,,,,,
192,6948.0,7,108,336,,,,,,,8,271,347,,,,,,,,,,,,,,,,8,277,179,,,,,,
193,6982.7,7,111,337,,,,,,,8,274,344,,,,,,,,,,,,,,,,8,277,176,,,,,,
194,7015.1,7,114,337,,,,,,,8,277,341,,,,,,,,,,,,,,,,8,276,173,,,,,,
195,7046.6,7,117,338,,,,,,,8,280,338,,,,,,,,,,,,,,,,8,276,171,,,,,,
196,7082.5,7,120,339,,,,,,,8,283,335,,,,,,,,,,,,,,,,8,276,167,,,,,,
197,7115.2,7,123,340,,,,,,,8,286,332,,,,,,,,,,,,,,,,8,275,165,,,,,,
198,7146.9,7,127,340,,,,,,,8,288,330,,,,,,,,,,,,,,,,8,274,162,,,,,,
199,7186.1,7,129,340,,,,,,,8,291,327,,,,,,,,,,,,,,,,8,273,159,,,,,,
200,7214.8,7,133,341,,,,,,,8,294,324,,,,,,,,,,,,,,,,8,273,157,,,,,,
201,7247.0,7,136,341,,,,,,,8,297,321,,,,,,,,,,,,,,,,8,272,154,,,,,,
202,7284.3,7,139,342,,,,,,,8,300,318,,,,,,,,,,,,,,,,8,272,152,,,,,,
203,7316.8,7,142,342,,,,,,,8,302,316,,,,,,,,,,,,,,,,8,271,150,,,,,,
204,7347.7,7,145,343,,,,,,,8,305,313,,,,,,,,,,,,,,,,8,270,147,,,,,,
205,7382.8,7,149,343,,,,,,,8,307,310,,,,,,,,,,,,,,,,8,269,145,,,,,,
206,7414.9,7,151,343,,,,,,,8,309,307,,,,,,,,,,,,,,,,8,269,143,,,,,,
207,7514.4,7,161,344,,,,,,,8,316,298,,,,,,,,,,,,,,,,8,265,137,,,,,,
208,7582.4,7,167,345,,,,,,,8,320,292,,,,,,,,,,,,,,,,8,263,133,,,,,,
209,7614.8,7,170,345,,,,,,,8,323,289,,,,,,,,,,,,,,,,8,262,131,,,,,,
210,7648.9,7,173,345,,,,,,,8,324,287,,,,,,,,,,,,,,,,8,260,130,,,,,,
211,7714.5,7,179,346,,,,,,,8,327,281,,,,,,,,,,,,,,,,8,257,126,,,,,,
212,7747.2,7,182,346,,,,,,,8,329,277,,,,,,,,,,,,,,,,8,256,125,,,,,,
213,7814.5,7,188,346,,,,,,,8,332,272,,,,,,,,,,,,,,,,8,253,122,,,,,,
214,7848.4,7,192,346,,,,,,,8,333,269,,,,,,,,,,,,,,,,8,251,121,,,,,,
215,7882.9,7,194,346,,,,,,,8,334,266,,,,,,,,,,,,,,,,8,249,120,,,,,,
216,7914.9,7,197,346,,,,,,,8,336,264,,,,,,,,,,,,,,,,8,248,118,,,,,,
217,7946.9,7,200,346,,,,,,,8,337,261,,,,,,,,,,,,,,,,8,246,117,,,,,,
218,7984.4,7,203,347,,,,,,,8,338,258,,,,,,,,,,,,,,,,8,244,116,,,,,,
219,8014.8,7,206,347,,,,,,,8,339,255,,,,,,,,,,,,,,,,8,242,115,,,,,,
220,8047.2,7,209,347,,,,,,,8,339,252,,,,,,,,,,,,,,,,8,240,115,,,,,,
221,8082.7,7,212,346,,,,,,,8,341,250,,,,,,,,,,,,,,,,8,238,114,,,,,,
222,8114.9,7,215,346,,,,,,,8,341,247,,,,,,,,,,,,,,,,8,237,113,,,,,,
223,8146.5,7,217,347,,,,,,,8,342,244,,,,,,,,,,,,,,,,8,235,113,,,,,,
224,8182.8,7,220,347,,,,,,,8,343,242,,,,,,,,,,,,,,,,8,233,112,,,,,,
225,8216.7,7,223,346,,,,,,,8,343,239,,,,,,,,,,,,,,,,8,230,112,,,,,,
226,8246.8,7,226,347,,,,,,,8,343,236,,,,,,,,,,,,,,,,8,228,112,,,,,,
227,8284.6,7,228,346,,,,,,,8,343,234,,,,,,,,,,,,,,,,8,226,112,,,,,,
228,8314.6,7,231,346,,,,,,,8,344,231,,,,,,,,,,,,,,,,8,224,112,,,,,,
229,8382.4,7,236,346,,,,,,,8,344,226,,,,,,,,,,,,,,,,8,219,112,,,,,,
230,8416.7,7,239,346,,,,,,,8,344,224,,,,,,,,,,,,,,,,8,218,112,,,,,,
231,8446.9,7,241,346,,,,,,,8,344,221,,,,,,,,,,,,,,,,8,215,112,,,,,,
232,8482.8,7,244,346,,,,,,,8,344,219,,,,,,,,,,,,,,,,8,213,112,,,,,,
233,8546.7,7,248,345,,,,,,,8,343,214,,,,,,,,,,,,,,,,8,208,113,,,,,,
234,8582.7,7,251,345,,,,,,,8,343,212,,,,,,,,,,,,,,,,8,206,114,,,,,,
235,8614.9,7,253,345,,,,,,,8,343,210,,,,,,,,,,,,,,,,8,204,115,,,,,,
236,8648.7,7,255,344,,,,,,,8,342,208,,,,,,,,,,,,,,,,8,201,115,,,,,,
237,8682.8,7,258,344,,,,,,,8,341,205,,,,,,,,,,,,,,,,8,199,116,,,,,,
238,8714.8,7,260,344,,,,,,,8,341,204,,,,,,,,,,,,,,,,8,196,117,,,,,,
239,8747.3,7,262,344,,,,,,,8,340,202,,,,,,,,,,,,,,,,8,194,118,,,,,,
240,8783.4,7,264,343,,,,,,,8,339,199,,,,,,,,,,,,,,,,8,192,118,,,,,,
241,8814.9,7,266,343,,,,,,,8,338,198,,,,,,,,,,,,,,,,8,189,120,,,,,,
242,8847.6,7,268,343,,,,,,,8,337,196,,,,,,,,,,,,,,,,8,187,121,,,,,,
243,8882.7,7,270,342,,,,,,,8,336,194,,,,,,,,,,,,,,,,8,184,122,,,,,,
244,8914.6,7,271,342,,,,,,,8,335,193,,,,,,,,,,,,,,,,8,182,124,,,,,,
245,8946.8,7,274,342,,,,,,,8,334,191,,,,,,,,,,,,,,,,8,179,125,,,,,,
246,8984.7,7,275,341,,,,,,,8,332,189,,,,,,,,,,,,,,,,8,176,127,,,,,,
247,9015.1,7,277,341,,,,,,,8,331,188,,,,,,,,,,,,,,,,8,174,129,,,,,,
248,9046.8,7,279,340,,,,,,,8,329,186,,,,,,,,,,,,,,,,8,172,130,,,,,,
249,9083.0,7,281,340,,,,,,,8,328,185,,,,,,,,,,,,,,,,8,169,132,,,,,,
250,9115.0,7,282,339,,,,,,,8,326,183,,,,,,,,,,,,,,,,8,166,133,,,,,,
251,9146.9,7,283,339,,,,,,,8,325,182,,,,,,,,,,,,,,,,8,164,136,,,,,,
252,9182.5,7,285,339,,,,,,,8,323,180,,,,,,,,,,,,,,,,8,161,138,,,,,,
253,9214.9,7,287,338,,,,,,,8,321,178,,,,,,,,,,,,,,,,8,158,140,,,,,,
254,9246.9,7,288,338,,,,,,,8,319,178,,,,,,,,,,,,,,,,8,156,142,,,,,,
255,9314.6,7,290,337,,,,,,,8,315,175,,,,,,,,,,,,,,,,8,151,147,,,,,,
256,9352.7,7,291,337,,,,,,,8,313,174,,,,,,,,,,,,,,,,8,149,149,,,,,,
257,9385.3,7,293,336,,,,,,,8,310,173,,,,,,,,,,,,,,,,8,145,151,,,,,,
258,9415.2,7,294,335,,,,,,,8,308,172,,,,,,,,,,,,,,,,8,143,154,,,,,,
259,9447.6,7,295,335,,,,,,,8,306,172,,,,,,,,,,,,,,,,8,140,156,,,,,,
260,9483.5,7,295,334,,,,,,,8,304,170,,,,,,,,,,,,,,,,8,138,159,,,,,,
261,9514.8,7,296,334,,,,,,,8,301,170,,,,,,,,,,,,,,,,8,135,161,,,,,,
262,9546.9,7,297,333,,,,,,,8,299,169,,,,,,,,,,,,,,,,8,133,164,,,,,,
263,9582.6,7,299,333,,,,,,,8,296,169,,,,,,,,,,,,,,,,8,131,167,,,,,,
264,9614.7,7,299,332,,,,,,,8,294,168,,,,,,,,,,,,,,,,8,128,170,,,,,,
265,9647.4,7,299,331,,,,,,,8,291,167,,,,,,,,,,,,,,,,8,125,173,,,,,,
266,9682.7,7,300,331,,,,,,,8,289,167,,,,,,,,,,,,,,,,8,123,176,,,,,,
267,9746.6,7,301,330,,,,,,,8,283,167,,,,,,,,,,,,,,,,8,118,182,,,,,,
268,9783.2,7,302,329,,,,,,,8,280,166,,,,,,,,,,,,,,,,8,115,185,,,,,,
269,9818.8,7,302,328,,,,,,,8,277,166,,,,,,,,,,,,,,,,8,113,188,,,,,,
270,9847.3,7,303,328,,,,,,,8,274,165,,,,,,,,,,,,,,,,8,111,192,,,,,,
271,9884.3,7,303,327,,,,,,,8,271,165,,,,,,,,,,,,,,,,8,108,195,,,,,,
272,9914.8,7,303,326,,,,,,,8,268,165,,,,,,,,,,,,,,,,8,106,198,,,,,,
273,9982.5,7,304,325,,,,,,,8,261,165,,,,,,,,,,,,,,,,8,101,205,,,,,,
274,10015.0,7,304,324,,,,,,,8,259,166,,,,,,,,,,,,,,,,8,99,209,,,,,,
275,10051.1,7,304,323,,,,,,,8,255,166,,,,,,,,,,,,,,,,8,97,213,,,,,,
276,10083.0,7,304,323,,,,,,,8,252,166,,,,,,,,,,,,,,,,8,95,216,,,,,,
277,10115.1,7,304,322,,,,,,,8,248,166,,,,,,,,,,,,,,,,8,92,220,,,,,,
278,10148.8,7,303,321,,,,,,,8,245,166,,,,,,,,,,,,,,,,8,90,224,,,,,,
279,10182.8,7,303,321,,,,,,,8,241,167,,,,,,,,,,,,,,,,8,88,228,,,,,,
280,10215.4,7,303,320,,,,,,,8,237,168,,,,,,,,,,,,,,,,8,86,232,,,,,,
281,10247.3,7,302,319,,,,,,,8,234,169,,,,,,,,,,,,,,,,8,84,236,,,,,,
282,10282.8,7,302,319,,,,,,,8,231,169,,,,,,,,,,,,,,,,8,82,240,,,,,,
283,10315.0,7,301,318,,,,,,,8,228,170,,,,,,,,,,,,,,,,8,80,244,,,,,,
284,10347.8,7,301,317,,,,,,,8,223,171,,,,,,,,,,,,,,,,8,78,248,,,,,,
285,10382.6,7,300,317,,,,,,,8,220,173,,,,,,,,,,,,,,,,8,76,252,,,,,,
286,10414.7,7,300,316,,,,,,,8,216,173,,,,,,,,,,,,,,,,8,74,256,,,,,,
287,10448.8,7,299,315,,,,,,,8,212,174,,,,,,,,,,,,,,,,8,72,260,,,,,,
288,10482.8,7,298,315,,,,,,,8,208,175,,,,,,,,,,,,,,,,8,70,264,,,,,,
289,10515.4,7,297,314,,,,,,,8,205,177,,,,,,,,,,,,,,,,8,68,268,,,,,,
290,10547.3,7,296,313,,,,,,,8,201,178,,,,,,,,,,,,,,,,8,66,273,,,,,,
291,10583.3,7,295,313,,,,,,,8,197,179,,,,,,,,,,,,,,,,8,65,277,,,,,,
292,10615.2,7,294,313,,,,,,,8,193,181,,,,,,,,,,,,,,,,8,63,281,,,,,,
293,10646.9,7,293,312,,,,,,,8,189,183,,,,,,,,,,,,,,,,8,61,286,,,,,,
294,10682.7,7,292,312,,,,,,,8,187,185,,,,,,,,,,,,,,,,8,60,289,,,,,,
295,10714.8,7,293,313,,,,,,,8,187,186,,,,,,,,,,,,,,,,8,61,291,,,,,,
296,10747.3,7,294,314,,,,,,,8,188,187,,,,,,,,,,,,,,,,8,62,292,,,,,,
297,10814.4,7,295,316,,,,,,,8,189,190,,,,,,,,,,,,,,,,8,64,296,,,,,,
298,10847.2,7,296,317,,,,,,,8,190,191,,,,,,,,,,,,,,,,8,65,298,,,,,,
299,10889.7,7,297,318,,,,,,,8,191,192,,,,,,,,,,,,,,,,8,66,299,,,,,,
300,10914.9,7,298,319,,,,,,,8,191,193,,,,,,,,,,,,,,,,8,66,301,,,,,,
301,10947.2,7,299,320,,,,,,,8,191,195,,,,,,,,,,,,,,,,8,67,303,,,,,,
302,10983.0,7,300,321,,,,,,,9,193,196,,,,,,,,,,,,,,,,8,68,304,,,,,,
303,11014.7,7,301,322,,,,,,,8,193,198,,,,,,,,,,,,,,,,8,68,307,,,,,,
304,11047.0,7,301,324,,,,,,,8,193,200,,,,,,,,,,,,,,,,8,69,308,,,,,,
305,11083.6,7,302,325,,,,,,,8,193,201,,,,,,,,,,,,,,,,8,70,310,,,,,,
306,11115.4,7,302,325,,,,,,,8,194,202,,,,,,,,,,,,,,,,8,71,312,,,,,,
307,11146.7,7,304,327,,,,,,,8,194,204,,,,,,,,,,,,,,,,8,71,313,,,,,,
308,11182.8,7,304,328,,,,,,,8,194,205,,,,,,,,,,,,,,,,8,72,315,,,,,,
309,11214.8,7,305,329,,,,,,,8,195,207,,,,,,,,,,,,,,,,8,73,317,,,,,,
310,11246.9,7,306,330,,,,,,,8,196,209,,,,,,,,,,,,,,,,8,74,319,,,,,,
311,11282.6,7,307,332,,,,,,,8,196,210,,,,,,,,,,,,,,,,8,74,321,,,,,,
312,11318.6,7,307,333,,,,,,,8,196,211,,,,,,,,,,,,,,,,8,75,323,,,,,,
313,11347.0,7,308,334,,,,,,,8,197,213,,,,,,,,,,,,,,,,8,76,325,,,,,,
314,11382.7,7,308,336,,,,,,,8,197,214,,,,,,,,,,,,,,,,8,76,327,,,,,,
315,11415.0,7,309,337,,,,,,,8,197,216,,,,,,,,,,,,,,,,8,77,328,,,,,,
316,11446.8,7,310,338,,,,,,,9,198,217,,,,,,,,,,,,,,,,8,77,331,,,,,,
317,11482.7,7,310,340,,,,,,,8,197,220,,,,,,,,,,,,,,,,8,78,332,,,,,,
318,11546.6,7,311,342,,,,,,,8,198,223,,,,,,,,,,,,,,,,8,79,336,,,,,,
319,11582.5,7,312,344,,,,,,,8,198,224,,,,,,,,,,,,,,,,8,80,338,,,,,,
320,11617.8,7,312,345,,,,,,,8,199,227,,,,,,,,,,,,,,,,8,80,340,,,,,,
321,11647.6,7,313,346,,,,,,,8,199,228,,,,,,,,,,,,,,,,8,80,342,,,,,,
322,11682.6,7,313,348,,,,,,,8,199,230,,,,,,,,,,,,,,,,8,81,344,,,,,,
323,11716.0,7,314,349,,,,,,,8,199,231,,,,,,,,,,,,,,,,8,81,346,,,,,,
324,11747.4,7,314,351,,,,,,,8,199,233,,,,,,,,,,,,,,,,8,82,348,,,,,,
325,11783.4,7,314,352,,,,,,,8,199,235,,,,,,,,,,,,,,,,8,83,350,,,,,,
326,11814.7,7,315,354,,,,,,,8,199,237,,,,,,,,,,,,,,,,8,83,352,,,,,,
327,11914.7,7,316,358,,,,,,,8,200,242,,,,,,,,,,,,,,,,8,84,358,,,,,,
328,11947.9,7,317,360,,,,,,,8,200,244,,,,,,,,,,,,,,,,8,84,360,,,,,,
329,11992.7,7,317,361,,,,,,,8,199,246,,,,,,,,,,,,,,,,8,85,363,,,,,,
330,12014.9,7,317,363,,,,,,,8,200,247,,,,,,,,,,,,,,,,8,85,365,,,,,,
331,12053.5,7,317,364,,,,,,,8,200,249,,,,,,,,,,,,,,,,8,85,367,,,,,,
332,12083.0,7,318,366,,,,,,,8,200,251,,,,,,,,,,,,,,,,8,85,369,,,,,,
333,12114.9,7,318,367,,,,,,,8,200,253,,,,,,,,,,,,,,,,8,86,371,,,,,,
334,12146.8,7,318,369,,,,,,,8,199,255,,,,,,,,,,,,,,,,8,86,373,,,,,,
335,12182.7,7,318,370,,,,,,,8,199,256,,,,,,,,,,,,,,,,8,86,375,,,,,,
336,12214.8,7,318,372,,,,,,,8,199,259,,,,,,,,,,,,,,,,8,86,377,,,,,,
337,12247.0,7,318,373,,,,,,,8,199,260,,,,,,,,,,,,,,,,8,86,379,,,,,,
338,12283.0,7,318,375,,,,,,,8,199,262,,,,,,,,,,,,,,,,8,86,382,,,,,,
339,12315.1,7,318,376,,,,,,,8,199,264,,,,,,,,,,,,,,,,8,86,384,,,,,,
340,12347.0,7,318,378,,,,,,,8,199,266,,,,,,,,,,,,,,,,8,87,386,,,,,,
341,12382.7,7,319,379,,,,,,,8,199,269,,,,,,,,,,,,,,,,8,87,388,,,,,,
342,12414.7,7,319,381,,,,,,,8,198,270,,,,,,,,,,,,,,,,8,87,391,,,,,,
343,12446.7,7,319,382,,,,,,,8,198,272,,,,,,,,,,,,,,,,8,87,393,,,,,,
344,12482.8,7,319,384,,,,,,,8,197,274,,,,,,,,,,,,,,,,8,87,395,,,,,,
345,12514.6,7,319,386,,,,,,,8,197,276,,,,,,,,,,,,,,,,8,87,397,,,,,,
346,12546.9,7,319,387,,,,,,,8,197,277,,,,,,,,,,,,,,,,8,87,400,,,,,,
347,12582.7,7,319,389,,,,,,,8,197,280,,,,,,,,,,,,,,,,8,87,402,,,,,,
348,12615.4,7,318,391,,,,,,,8,196,282,,,,,,,,,,,,,,,,8,87,404,,,,,,
349,12647.0,7,318,393,,,,,,,8,196,284,,,,,,,,,,,,,,,,8,87,406,,,,,,
350,12683.0,7,318,394,,,,,,,8,196,286,,,,,,,,,,,,,,,,8,87,409,,,,,,
351,12715.3,7,318,396,,,,,,,8,195,288,,,,,,,,,,,,,,,,8,87,411,,,,,,
352,12747.4,7,318,398,,,,,,,8,195,290,,,,,,,,,,,,,,,,8,87,413,,,,,,
353,12785.3,7,318,399,,,,,,,8,194,292,,,,,,,,,,,,,,,,8,87,415,,,,,,
354,12815.4,7,318,401,,,,,,,8,194,294,,,,,,,,,,,,,,,,8,86,418,,,,,,
355,12847.2,7,318,403,,,,,,,8,193,296,,,,,,,,,,,,,,,,8,86,420,,,,,,
356,12883.0,7,318,404,,,,,,,8,193,298,,,,,,,,,,,,,,,,8,86,422,,,,,,
357,12915.1,7,317,406,,,,,,,8,193,300,,,,,,,,,,,,,,,,8,86,424,,,,,,
358,12947.5,7,317,408,,,,,,,8,192,302,,,,,,,,,,,,,,,,8,86,427,,,,,,
359,12982.6,7,317,410,,,,,,,8,191,304,,,,,,,,,,,,,,,,8,86,429,,,,,,
360,13015.0,7,317,411,,,,,,,8,191,306,,,,,,,,,,,,,,,,8,85,432,,,,,,
361,13048.7,7,316,413,,,,,,,8,190,308,,,,,,,,,,,,,,,,8,86,434,,,,,,
362,13082.7,7,316,415,,,,,,,8,190,310,,,,,,,,,,,,,,,,7,85,436,,,,,,
363,13114.8,7,315,416,,,,,,,8,190,312,,,,,,,,,,,,,,,,8,85,438,,,,,,
364,13147.0,7,315,418,,,,,,,8,189,315,,,,,,,,,,,,,,,,8,85,441,,,,,,
365,13183.1,7,315,420,,,,,,,8,188,317,,,,,,,,,,,,,,,,8,84,443,,,,,,
366,13246.7,7,314,424,,,,,,,8,187,321,,,,,,,,,,,,,,,,8,84,448,,,,,,
367,13282.8,7,313,425,,,,,,,8,187,323,,,,,,,,,,,,,,,,8,84,450,,,,,,
368,13315.0,7,313,427,,,,,,,8,185,325,,,,,,,,,,,,,,,,8,83,453,,,,,,
369,13348.8,7,313,429,,,,,,,8,185,327,,,,,,,,,,,,,,,,8,83,455,,,,,,
370,13382.7,7,312,430,,,,,,,8,184,330,,,,,,,,,,,,,,,,8,83,457,,,,,,
371,13414.7,7,312,433,,,,,,,8,184,332,,,,,,,,,,,,,,,,8,82,460,,,,,,
372,13449.0,7,311,434,,,,,,,8,183,334,,,,,,,,,,,,,,,,8,82,462,,,,,,
373,13483.1,7,311,436,,,,,,,8,182,336,,,,,,,,,,,,,,,,8,81,464,,,,,,
374,13515.0,7,311,438,,,,,,,8,182,338,,,,,,,,,,,,,,,,8,81,467,,,,,,
375,13547.6,7,310,440,,,,,,,8,181,340,,,,,,,,,,,,,,,,8,80,469,,,,,,
376,13582.6,7,309,442,,,,,,,8,180,342,,,,,,,,,,,,,,,,8,80,472,,,,,,
377,13614.9,7,309,443,,,,,,,8,179,345,,,,,,,,,,,,,,,,8,79,474,,,,,,
378,13646.7,7,308,445,,,,,,,8,179,346,,,,,,,,,,,,,,,,8,79,477,,,,,,
379,13682.8,7,308,447,,,,,,,8,178,349,,,,,,,,,,,,,,,,8,78,479,,,,,,
380,13714.8,7,307,449,,,,,,,8,177,351,,,,,,,,,,,,,,,,8,78,481,,,,,,
381,13746.7,7,306,451,,,,,,,8,176,353,,,,,,,,,,,,,,,,8,78,484,,,,,,
382,13782.9,6,306,453,,,,,,,8,175,355,,,,,,,,,,,,,,,,7,77,486,,,,,,
383,13814.9,7,306,454,,,,,,,8,174,357,,,,,,,,,,,,,,,,8,77,488,,,,,,
384,13847.4,7,305,456,,,,,,,8,174,360,,,,,,,,,,,,,,,,8,76,491,,,,,,
385,13882.9,6,304,458,,,,,,,8,173,362,,,,,,,,,,,,,,,,7,76,493,,,,,,
386,13914.8,7,303,460,,,,,,,8,172,364,,,,,,,,,,,,,,,,8,75,496,,,,,,
387,13947.1,7,302,462,,,,,,,8,171,366,,,,,,,,,,,,,,,,8,74,498,,,,,,
388,13983.1,7,302,463,,,,,,,8,170,368,,,,,,,,,,,,,,,,8,74,501,,,,,,
389,14014.6,7,301,466,,,,,,,8,169,371,,,,,,,,,,,,,,,,8,73,503,,,,,,
390,14047.6,7,301,468,,,,,,,8,168,373,,,,,,,,,,,,,,,,8,72,505,,,,,,
391,14082.8,7,300,469,,,,,,,8,167,376,,,,,,,,,,,,,,,,8,72,508,,,,,,
392,14117.2,7,299,471,,,,,,,8,166,377,,,,,,,,,,,,,,,,8,71,511,,,,,,
393,14146.8,7,299,473,,,,,,,8,165,380,,,,,,,,,,,,,,,,8,71,513,,,,,,
394,14182.7,7,298,475,,,,,,,8,164,382,,,,,,,,,,,,,,,,8,70,515,,,,,,
395,14214.8,7,297,477,,,,,,,8,163,384,,,,,,,,,,,,,,,,8,69,518,,,,,,
396,14247.8,7,296,479,,,,,,,8,162,386,,,,,,,,,,,,,,,,8,69,520,,,,,,
397,14282.5,7,295,481,,,,,,,8,161,388,,,,,,,,,,,,,,,,8,68,523,,,,,,
398,14314.6,7,295,482,,,,,,,8,161,391,,,,,,,,,,,,,,,,8,68,525,,,,,,
399,14347.3,7,294,484,,,,,,,8,160,393,,,,,,,,,,,,,,,,8,67,528,,,,,,
400,14386.4,7,295,486,,,,,,,8,160,395,,,,,,,,,,,,,,,,8,68,530,,,,,,
401,14414.8,7,295,488,,,,,,,8,161,397,,,,,,,,,,,,,,,,8,68,531,,,,,,
402,14446.9,7,295,490,,,,,,,8,161,398,,,,,,,,,,,,,,,,8,68,533,,,,,,
403,14485.3,7,296,492,,,,,,,8,162,400,,,,,,,,,,,,,,,,8,69,535,,,,,,
404,14514.7,7,296,493,,,,,,,8,162,402,,,,,,,,,,,,,,,,8,69,537,,,,,,
405,14547.3,7,296,495,,,,,,,8,162,404,,,,,,,,,,,,,,,,8,69,539,,,,,,
406,14582.5,7,297,497,,,,,,,8,163,406,,,,,,,,,,,,,,,,8,70,541,,,,,,
407,14646.5,7,298,501,,,,,,,8,163,409,,,,,,,,,,,,,,,,8,71,544,,,,,,
408,14683.2,7,298,503,,,,,,,8,164,412,,,,,,,,,,,,,,,,8,71,546,,,,,,
409,14715.7,7,299,505,,,,,,,8,164,414,,,,,,,,,,,,,,,,8,71,548,,,,,,
410,14747.2,6,299,507,,,,,,,8,164,415,,,,,,,,,,,,,,,,8,72,550,,,,,,
411,14782.9,7,299,508,,,,,,,8,164,417,,,,,,,,,,,,,,,,8,72,552,,,,,,
412,14814.9,7,299,510,,,,,,,8,165,419,,,,,,,,,,,,,,,,8,72,554,,,,,,
413,14847.1,7,300,512,,,,,,,8,165,421,,,,,,,,,,,,,,,,8,72,555,,,,,,
414,14882.9,7,300,514,,,,,,,8,166,423,,,,,,,,,,,,,,,,8,73,557,,,,,,
415,14915.0,7,300,516,,,,,,,8,166,425,,,,,,,,,,,,,,,,7,73,559,,,,,,
416,14948.7,7,300,518,,,,,,,8,166,427,,,,,,,,,,,,,,,,8,73,561,,,,,,
417,14982.7,7,300,520,,,,,,,8,166,428,,,,,,,,,,,,,,,,7,73,563,,,,,,
418,15046.5,7,301,523,,,,,,,8,167,432,,,,,,,,,,,,,,,,8,74,567,,,,,,
419,15114.6,7,301,527,,,,,,,8,167,436,,,,,,,,,,,,,,,,8,74,571,,,,,,
420,15147.3,7,301,529,,,,,,,8,167,438,,,,,,,,,,,,,,,,7,74,572,,,,,,
421,15183.0,7,301,531,,,,,,,8,167,440,,,,,,,,,,,,,,,,7,74,574,,,,,,
422,15216.7,7,301,533,,,,,,,8,167,442,,,,,,,,,,,,,,,,7,74,576,,,,,,
423,15247.0,7,301,535,,,,,,,8,168,444,,,,,,,,,,,,,,,,8,75,578,,,,,,
424,15283.2,7,301,536,,,,,,,8,168,445,,,,,,,,,,,,,,,,7,75,580,,,,,,
425,15315.1,7,301,538,,,,,,,8,168,448,,,,,,,,,,,,,,,,8,75,582,,,,,,
426,15347.1,7,302,540,,,,,,,8,168,450,,,,,,,,,,,,,,,,8,75,583,,,,,,
427,15382.7,7,301,542,,,,,,,8,168,451,,,,,,,,,,,,,,,,8,74,586,,,,,,
428,15414.7,7,301,544,,,,,,,8,168,453,,,,,,,,,,,,,,,,7,75,588,,,,,,
429,15447.0,6,301,546,,,,,,,8,168,455,,,,,,,,,,,,,,,,8,75,589,,,,,,
430,15484.0,7,301,547,,,,,,,8,168,457,,,,,,,,,,,,,,,,7,75,591,,,,,,
431,15515.8,7,302,549,,,,,,,8,168,459,,,,,,,,,,,,,,,,7,75,593,,,,,,
432,15547.6,7,301,551,,,,,,,8,167,460,,,,,,,,,,,,,,,,8,75,595,,,,,,
433,15614.5,7,301,555,,,,,,,8,168,464,,,,,,,,,,,,,,,,7,75,599,,,,,,
434,15682.5,7,301,559,,,,,,,8,168,468,,,,,,,,,,,,,,,,7,75,603,,,,,,
435,15715.0,7,301,560,,,,,,,8,167,470,,,,,,,,,,,,,,,,7,75,604,,,,,,
436,15752.6,7,301,562,,,,,,,8,167,471,,,,,,,,,,,,,,,,8,75,607,,,,,,
437,15814.6,7,301,566,,,,,,,8,167,475,,,,,,,,,,,,,,,,8,74,610,,,,,,
438,15847.0,7,301,568,,,,,,,8,167,478,,,,,,,,,,,,,,,,7,74,612,,,,,,
439,15883.1,7,300,569,,,,,,,8,167,479,,,,,,,,,,,,,,,,8,74,614,,,,,,
440,15914.8,7,300,571,,,,,,,8,166,481,,,,,,,,,,,,,,,,7,74,616,,,,,,
441,15947.1,6,300,573,,,,,,,8,166,483,,,,,,,,,,,,,,,,7,74,618,,,,,,
442,15982.5,7,300,574,,,,,,,8,165,485,,,,,,,,,,,,,,,,7,73,620,,,,,,
443,16046.5,6,299,578,,,,,,,8,165,488,,,,,,,,,,,,,,,,8,73,623,,,,,,
444,16082.5,7,299,580,,,,,,,8,164,490,,,,,,,,,,,,,,,,7,72,625,,,,,,
445,16116.8,6,299,582,,,,,,,8,164,492,,,,,,,,,,,,,,,,8,72,627,,,,,,
446,16147.1,7,298,583,,,,,,,8,164,494,,,,,,,,,,,,,,,,8,72,629,,,,,,
447,16185.2,6,298,585,,,,,,,8,163,496,,,,,,,,,,,,,,,,8,71,631,,,,,,
448,16246.7,6,297,589,,,,,,,8,162,499,,,,,,,,,,,,,,,,7,71,634,,,,,,
449,16282.7,6,296,591,,,,,,,8,162,501,,,,,,,,,,,,,,,,7,71,637,,,,,,
450,16317.0,7,296,592,,,,,,,8,161,503,,,,,,,,,,,,,,,,7,70,638,,,,,,
451,16382.5,6,296,595,,,,,,,8,162,507,,,,,,,,,,,,,,,,7,70,642,,,,,,
452,16414.7,7,296,597,,,,,,,8,162,508,,,,,,,,,,,,,,,,8,71,643,,,,,,
453,16446.7,6,297,599,,,,,,,8,163,509,,,,,,,,,,,,,,,,7,71,645,,,,,,
454,16482.6,7,297,601,,,,,,,8,163,511,,,,,,,,,,,,,,,,8,71,646,,,,,,
455,16514.9,6,297,602,,,,,,,8,163,513,,,,,,,,,,,,,,,,7,72,648,,,,,,
456,16548.7,7,298,604,,,,,,,8,164,514,,,,,,,,,,,,,,,,8,71,649,,,,,,
457,16583.0,6,298,606,,,,,,,8,164,516,,,,,,,,,,,,,,,,8,72,650,,,,,,
458,16614.8,6,298,607,,,,,,,8,164,517,,,,,,,,,,,,,,,,8,72,652,,,,,,
459,16682.6,6,299,610,,,,,,,8,165,520,,,,,,,,,,,,,,,,7,72,655,,,,,,
460,16715.0,7,299,612,,,,,,,8,165,522,,,,,,,,,,,,,,,,8,73,657,,,,,,
461,16747.2,7,299,614,,,,,,,8,165,524,,,,,,,,,,,,,,,,7,72,658,,,,,,
462,16788.9,6,299,616,,,,,,,8,166,525,,,,,,,,,,,,,,,,8,73,660,,,,,,
463,16817.3,6,299,618,,,,,,,8,166,527,,,,,,,,,,,,,,,,7,73,661,,,,,,
464,16847.2,6,299,619,,,,,,,8,166,529,,,,,,,,,,,,,,,,8,73,663,,,,,,
465,16883.4,6,299,621,,,,,,,8,166,530,,,,,,,,,,,,,,,,7,73,664,,,,,,
466,16915.4,7,299,622,,,,,,,8,166,532,,,,,,,,,,,,,,,,7,73,666,,,,,,
467,16946.9,6,299,624,,,,,,,8,166,533,,,,,,,,,,,,,,,,7,73,667,,,,,,
468,16983.2,6,299,626,,,,,,,8,167,535,,,,,,,,,,,,,,,,8,73,669,,,,,,
469,17046.8,6,300,629,,,,,,,8,167,538,,,,,,,,,,,,,,,,7,73,672,,,,,,
470,17082.7,7,300,631,,,,,,,8,166,540,,,,,,,,,,,,,,,,7,73,673,,,,,,
471,17115.1,6,299,633,,,,,,,8,167,541,,,,,,,,,,,,,,,,7,72,675,,,,,,
472,17147.3,6,299,634,,,,,,,8,167,543,,,,,,,,,,,,,,,,7,72,676,,,,,,
473,17214.6,6,299,638,,,,,,,8,167,546,,,,,,,,,,,,,,,,7,72,679,,,,,,
474,17247.6,6,299,639,,,,,,,8,167,547,,,,,,,,,,,,,,,,8,72,681,,,,,,
475,17283.2,6,300,638,,,,,,,8,167,547,,,,,,,,,,,,,,,,7,73,680,,,,,,
476,17318.5,6,301,635,,,,,,,8,167,545,,,,,,,,,,,,,,,,8,75,679,,,,,,
477,17347.2,6,302,633,,,,,,,8,169,543,,,,,,,,,,,,,,,,7,77,678,,,,,,
478,17382.7,6,304,633,,,,,,,8,171,542,,,,,,,,,,,,,,,,7,78,676,,,,,,
479,17420.2,6,306,634,,,,,,,8,174,543,,,,,,,,,,,,,,,,7,79,676,,,,,,
480,17448.7,6,310,637,,,,,,,8,180,542,,,,,,,,,,,,,,,,7,82,674,,,,,,
481,17482.9,7,313,639,,,,,,,8,186,543,,,,,,,,,,,,,,,,7,85,671,,,,,,
482,17514.8,6,318,643,,,,,,,8,194,542,,,,,,,,,,,,,,,,7,89,667,,,,,,
483,17546.9,6,322,646,,,,,,,8,201,541,,,,,,,,,,,,,,,,7,93,664,,,,,,
484,17582.6,6,327,650,,,,,,,7,209,541,,,,,,,,,,,,,,,,7,96,659,,,,,,
485,17614.9,6,330,652,,,,,,,7,216,539,,,,,,,,,,,,,,,,7,99,655,,,,,,
486,17646.9,6,332,653,,,,,,,8,222,537,,,,,,,,,,,,,,,,7,102,650,,,,,,
487,17682.9,6,334,653,,,,,,,8,226,534,,,,,,,,,,,,,,,,7,104,644,,,,,,
488,17714.9,6,336,654,,,,,,,7,232,531,,,,,,,,,,,,,,,,7,105,636,,,,,,
489,17747.2,6,336,654,,,,,,,7,238,528,,,,,,,,,,,,,,,,7,107,629,,,,,,
490,17782.6,7,337,655,,,,,,,7,243,526,,,,,,,,,,,,,,,,7,110,622,,,,,,
491,17814.8,6,338,655,,,,,,,8,249,523,,,,,,,,,,,,,,,,7,112,615,,,,,,
492,17847.8,6,339,656,,,,,,,8,254,521,,,,,,,,,,,,,,,,7,114,608,,,,,,
493,17882.6,6,341,657,,,,,,,8,258,519,,,,,,,,,,,,,,,,8,117,604,,,,,,
494,17914.8,6,343,658,,,,,,,8,262,520,,,,,,,,,,,,,,,,7,120,602,,,,,,
495,17947.1,6,345,660,,,,,,,8,267,520,,,,,,,,,,,,,,,,8,122,600,,,,,,
496,17982.8,7,347,661,,,,,,,8,271,520,,,,,,,,,,,,,,,,8,126,598,,,,,,
497,18015.0,6,350,660,,,,,,,8,276,519,,,,,,,,,,,,,,,,7,130,596,,,,,,
498,18047.1,6,355,659,,,,,,,8,283,518,,,,,,,,,,,,,,,,8,135,592,,,,,,
499,18082.9,6,358,662,,,,,,,7,290,518,,,,,,,,,,,,,,,,7,141,587,,,,,,
500,18115.4,6,361,666,,,,,,,8,298,519,,,,,,,,,,,,,,,,7,146,583,,,,,,
501,18146.9,6,364,668,,,,,,,7,307,520,,,,,,,,,,,,,,,,7,153,578,,,,,,
502,18182.7,6,368,669,,,,,,,7,315,518,,,,,,,,,,,,,,,,7,160,573,,,,,,
503,18214.8,6,372,669,,,,,,,8,324,517,,,,,,,,,,,,,,,,7,167,567,,,,,,
504,18247.4,6,376,669,,,,,,,7,332,515,,,,,,,,,,,,,,,,7,174,561,,,,,,
505,18282.6,6,380,669,,,,,,,7,340,515,,,,,,,,,,,,,,,,7,181,557,,,,,,
506,18314.8,6,385,669,,,,,,,7,348,514,,,,,,,,,,,,,,,,7,188,551,,,,,,
507,18347.4,6,389,669,,,,,,,7,356,513,,,,,,,,,,,,,,,,7,195,546,,,,,,
508,18382.9,6,392,669,,,,,,,7,364,512,,,,,,,,,,,,,,,,7,202,541,,,,,,
509,18414.7,6,396,669,,,,,,,7,372,511,,,,,,,,,,,,,,,,7,210,536,,,,,,
510,18448.7,6,399,669,,,,,,,7,380,510,,,,,,,,,,,,,,,,7,217,530,,,,,,
511,18482.8,6,403,669,,,,,,,7,388,510,,,,,,,,,,,,,,,,7,224,526,,,,,,
512,18517.1,6,406,668,,,,,,,7,396,510,,,,,,,,,,,,,,,,7,232,521,,,,,,
513,18582.6,6,413,668,,,,,,,7,411,508,,,,,,,,,,,,,,,,7,247,511,,,,,,
514,18614.8,6,416,668,,,,,,,7,418,508,,,,,,,,,,,,,,,,7,254,507,,,,,,
515,18646.9,6,419,667,,,,,,,8,425,508,,,,,,,,,,,,,,,,7,262,502,,,,,,
516,18682.8,7,422,667,,,,,,,8,433,507,,,,,,,,,,,,,,,,7,269,497,,,,,,
517,18782.4,6,431,664,,,,,,,7,454,507,,,,,,,,,,,,,,,,7,292,484,,,,,,
518,18814.8,7,433,664,,,,,,,7,460,507,,,,,,,,,,,,,,,,7,300,479,,,,,,
519,18848.8,6,437,663,,,,,,,8,468,507,,,,,,,,,,,,,,,,7,307,475,,,,,,
520,18883.1,6,439,662,,,,,,,8,474,507,,,,,,,,,,,,,,,,7,315,471,,,,,,
521,18914.9,6,441,661,,,,,,,8,480,506,,,,,,,,,,,,,,,,8,322,466,,,,,,
522,18947.4,6,444,660,,,,,,,7,487,507,,,,,,,,,,,,,,,,7,330,462,,,,,,
523,18982.5,6,446,659,,,,,,,8,493,506,,,,,,,,,,,,,,,,7,338,458,,,,,,
524,19015.0,7,449,658,,,,,,,8,500,507,,,,,,,,,,,,,,,,7,346,454,,,,,,
525,19046.9,6,451,656,,,,,,,8,506,506,,,,,,,,,,,,,,,,7,353,450,,,,,,
526,19082.8,6,453,655,,,,,,,7,512,507,,,,,,,,,,,,,,,,7,361,447,,,,,,
527,19114.8,6,456,654,,,,,,,8,518,507,,,,,,,,,,,,,,,,7,369,443,,,,,,
528,19147.2,7,457,652,,,,,,,7,524,507,,,,,,,,,,,,,,,,7,377,439,,,,,,
529,19183.0,6,459,651,,,,,,,8,530,507,,,,,,,,,,,,,,,,7,384,435,,,,,,
530,19215.0,6,461,649,,,,,,,8,536,508,,,,,,,,,,,,,,,,7,392,432,,,,,,
531,19247.7,6,463,647,,,,,,,7,541,508,,,,,,,,,,,,,,,,7,399,428,,,,,,
532,19282.7,6,465,645,,,,,,,8,547,509,,,,,,,,,,,,,,,,7,407,424,,,,,,
533,19319.0,7,467,643,,,,,,,8,552,508,,,,,,,,,,,,,,,,7,415,421,,,,,,
534,19347.2,6,469,641,,,,,,,8,557,509,,,,,,,,,,,,,,,,7,422,418,,,,,,
535,19414.7,6,472,637,,,,,,,8,568,510,,,,,,,,,,,,,,,,7,437,412,,,,,,
536,19447.6,6,474,635,,,,,,,8,573,510,,,,,,,,,,,,,,,,7,445,409,,,,,,
537,19485.9,6,475,633,,,,,,,8,577,510,,,,,,,,,,,,,,,,7,452,405,,,,,,
538,19518.0,6,476,630,,,,,,,8,582,510,,,,,,,,,,,,,,,,7,460,403,,,,,,
539,19546.7,7,478,628,,,,,,,8,587,511,,,,,,,,,,,,,,,,7,467,400,,,,,,
540,19582.9,6,480,625,,,,,,,8,590,511,,,,,,,,,,,,,,,,7,475,397,,,,,,
541,19614.9,6,481,623,,,,,,,8,595,512,,,,,,,,,,,,,,,,7,482,395,,,,,,
542,19646.9,6,482,620,,,,,,,8,600,511,,,,,,,,,,,,,,,,7,489,392,,,,,,
543,19685.3,6,483,617,,,,,,,8,603,513,,,,,,,,,,,,,,,,7,496,389,,,,,,
544,19714.9,6,485,615,,,,,,,8,607,513,,,,,,,,,,,,,,,,7,504,387,,,,,,
545,19746.9,6,486,612,,,,,,,8,611,513,,,,,,,,,,,,,,,,8,511,385,,,,,,
546,19783.1,6,487,609,,,,,,,8,614,514,,,,,,,,,,,,,,,,7,518,382,,,,,,
547,19815.0,6,488,606,,,,,,,8,619,514,,,,,,,,,,,,,,,,7,525,380,,,,,,
548,19849.2,6,489,602,,,,,,,8,622,514,,,,,,,,,,,,,,,,7,532,378,,,,,,
549,19882.8,6,490,599,,,,,,,8,625,514,,,,,,,,,,,,,,,,7,539,376,,,,,,
550,19915.0,6,491,596,,,,,,,8,628,515,,,,,,,,,,,,,,,,7,546,374,,,,,,
551,19947.5,7,492,592,,,,,,,8,631,515,,,,,,,,,,,,,,,,8,553,372,,,,,,
552,19983.3,7,493,589,,,,,,,8,635,515,,,,,,,,,,,,,,,,8,559,370,,,,,,
553,20015.1,7,494,586,,,,,,,8,637,516,,,,,,,,,,,,,,,,8,566,369,,,,,,
554,20046.8,6,495,582,,,,,,,8,640,516,,,,,,,,,,,,,,,,8,573,367,,,,,,
555,20082.7,6,496,579,,,,,,,8,643,516,,,,,,,,,,,,,,,,8,579,365,,,,,,
556,20116.8,6,497,575,,,,,,,8,645,516,,,,,,,,,,,,,,,,7,586,364,,,,,,
557,20148.8,7,498,571,,,,,,,8,648,516,,,,,,,,,,,,,,,,7,592,362,,,,,,
558,20182.7,6,499,567,,,,,,,8,650,517,,,,,,,,,,,,,,,,8,598,361,,,,,,
559,20215.2,6,499,564,,,,,,,8,652,516,,,,,,,,,,,,,,,,7,605,360,,,,,,
560,20247.2,6,500,560,,,,,,,8,654,516,,,,,,,,,,,,,,,,8,611,359,,,,,,
561,20284.8,6,501,556,,,,,,,8,656,517,,,,,,,,,,,,,,,,8,617,357,,,,,,
562,20314.6,6,502,552,,,,,,,8,658,516,,,,,,,,,,,,,,,,8,623,356,,,,,,
563,20347.1,7,503,548,,,,,,,8,660,517,,,,,,,,,,,,,,,,7,629,356,,,,,,
564,20383.7,7,504,543,,,,,,,8,662,516,,,,,,,,,,,,,,,,8,635,355,,,,,,
565,20415.2,6,505,539,,,,,,,8,663,516,,,,,,,,,,,,,,,,7,641,354,,,,,,
566,20447.4,7,506,535,,,,,,,8,664,516,,,,,,,,,,,,,,,,8,646,353,,,,,,
567,20483.0,6,506,531,,,,,,,8,666,515,,,,,,,,,,,,,,,,8,651,352,,,,,,
568,20514.9,6,507,526,,,,,,,8,667,515,,,,,,,,,,,,,,,,8,657,352,,,,,,
569,20546.8,6,508,522,,,,,,,8,668,516,,,,,,,,,,,,,,,,8,662,351,,,,,,
570,20582.6,7,509,518,,,,,,,8,669,515,,,,,,,,,,,,,,,,8,668,351,,,,,,
571,20614.9,7,510,513,,,,,,,8,671,514,,,,,,,,,,,,,,,,8,673,350,,,,,,
572,20653.5,7,511,508,,,,,,,8,671,514,,,,,,,,,,,,,,,,8,678,350,,,,,,
573,20690.5,6,512,504,,,,,,,8,672,514,,,,,,,,,,,,,,,,8,683,349,,,,,,
574,20715.1,6,513,499,,,,,,,8,673,513,,,,,,,,,,,,,,,,8,688,349,,,,,,
575,20747.1,6,514,494,,,,,,,8,673,512,,,,,,,,,,,,,,,,8,692,348,,,,,,
576,20814.7,6,516,485,,,,,,,8,674,510,,,,,,,,,,,,,,,,8,702,348,,,,,,
577,20850.4,7,517,480,,,,,,,8,674,511,,,,,,,,,,,,,,,,8,706,348,,,,,,
578,20882.8,7,517,475,,,,,,,8,674,509,,,,,,,,,,,,,,,,8,710,348,,,,,,
579,20914.8,6,519,470,,,,,,,8,674,508,,,,,,,,,,,,,,,,8,715,347,,,,,,
580,20947.4,6,520,465,,,,,,,8,675,507,,,,,,,,,,,,,,,,8,719,347,,,,,,
581,20982.7,7,521,460,,,,,,,8,674,506,,,,,,,,,,,,,,,,8,723,348,,,,,,
582,21014.7,7,522,455,,,,,,,8,674,505,,,,,,,,,,,,,,,,8,727,348,,,,,,
583,21049.2,6,523,450,,,,,,,8,674,503,,,,,,,,,,,,,,,,8,730,348,,,,,,
584,21085.1,6,524,445,,,,,,,8,674,502,,,,,,,,,,,,,,,,8,734,348,,,,,,
585,21116.8,6,525,440,,,,,,,8,673,501,,,,,,,,,,,,,,,,8,738,348,,,,,,
586,21147.9,6,526,435,,,,,,,8,673,500,,,,,,,,,,,,,,,,8,741,348,,,,,,
587,21182.7,7,528,430,,,,,,,8,672,498,,,,,,,,,,,,,,,,8,744,349,,,,,,
588,21214.9,7,528,425,,,,,,,8,672,496,,,,,,,,,,,,,,,,8,747,349,,,,,,
589,21247.3,6,530,419,,,,,,,8,671,495,,,,,,,,,,,,,,,,8,751,349,,,,,,
590,21283.0,6,531,414,,,,,,,8,671,493,,,,,,,,,,,,,,,,8,754,349,,,,,,
591,21315.0,6,532,409,,,,,,,8,670,491,,,,,,,,,,,,,,,,8,756,350,,,,,,
592,21382.5,7,535,398,,,,,,,8,668,488,,,,,,,,,,,,,,,,8,762,351,,,,,,
593,21416.7,6,536,393,,,,,,,8,667,486,,,,,,,,,,,,,,,,8,764,351,,,,,,
594,21449.1,7,538,387,,,,,,,8,666,484,,,,,,,,,,,,,,,,8,767,352,,,,,,
595,21485.1,7,539,382,,,,,,,8,665,482,,,,,,,,,,,,,,,,8,769,352,,,,,,
596,21515.7,6,540,377,,,,,,,8,664,480,,,,,,,,,,,,,,,,8,771,352,,,,,,
597,21547.0,6,542,371,,,,,,,8,662,478,,,,,,,,,,,,,,,,8,773,352,,,,,,
598,21582.6,7,543,366,,,,,,,8,661,476,,,,,,,,,,,,,,,,8,775,353,,,,,,
599,21616.7,7,545,361,,,,,,,8,660,473,,,,,,,,,,,,,,,,8,777,354,,,,,,
600,21647.2,7,546,355,,,,,,,8,659,470,,,,,,,,,,,,,,,,8,779,354,,,,,,
601,21682.9,7,548,350,,,,,,,8,657,468,,,,,,,,,,,,,,,,8,780,355,,,,,,
602,21714.9,7,550,344,,,,,,,8,656,465,,,,,,,,,,,,,,,,8,781,355,,,,,,
603,21746.9,7,552,339,,,,,,,8,654,462,,,,,,,,,,,,,,,,8,783,356,,,,,,
604,21783.0,7,553,333,,,,,,,8,652,460,,,,,,,,,,,,,,,,8,783,358,,,,,,
605,21814.7,7,554,325,,,,,,,8,646,458,,,,,,,,,,,,,,,,8,782,364,,,,,,
606,21882.6,7,557,311,,,,,,,8,632,454,,,,,,,,,,,,,,,,8,779,376,,,,,,
607,21915.0,7,559,303,,,,,,,8,625,451,,,,,,,,,,,,,,,,8,777,382,,,,,,
608,21947.0,7,563,296,,,,,,,7,619,448,,,,,,,,,,,,,,,,8,774,388,,,,,,
609,21982.8,7,565,289,,,,,,,8,613,444,,,,,,,,,,,,,,,,8,771,394,,,,,,
610,22016.1,7,569,282,,,,,,,8,607,440,,,,,,,,,,,,,,,,8,768,399,,,,,,
611,22047.0,7,572,276,,,,,,,8,601,435,,,,,,,,,,,,,,,,8,763,405,,,,,,
612,22082.5,7,576,269,,,,,,,8,595,431,,,,,,,,,,,,,,,,8,759,410,,,,,,
613,22114.8,7,581,263,,,,,,,8,589,426,,,,,,,,,,,,,,,,8,755,415,,,,,,
614,22147.2,7,585,257,,,,,,,8,585,421,,,,,,,,,,,,,,,,8,750,419,,,,,,
615,22183.1,7,589,252,,,,,,,7,580,415,,,,,,,,,,,,,,,,8,744,423,,,,,,
616,22215.5,7,594,246,,,,,,,8,575,409,,,,,,,,,,,,,,,,8,738,427,,,,,,
617,22250.1,7,600,241,,,,,,,8,571,403,,,,,,,,,,,,,,,,8,732,431,,,,,,
618,22283.2,7,605,237,,,,,,,7,566,396,,,,,,,,,,,,,,,,7,726,434,,,,,,
619,22314.8,7,611,233,,,,,,,8,562,390,,,,,,,,,,,,,,,,8,720,437,,,,,,
620,22346.9,7,616,229,,,,,,,8,559,383,,,,,,,,,,,,,,,,8,713,440,,,,,,
621,22383.1,7,622,225,,,,,,,8,555,375,,,,,,,,,,,,,,,,8,706,442,,,,,,
622,22420.7,7,628,222,,,,,,,8,553,368,,,,,,,,,,,,,,,,7,698,444,,,,,,
623,22452.7,7,635,220,,,,,,,8,551,361,,,,,,,,,,,,,,,,8,691,445,,,,,,
624,22482.7,7,640,217,,,,,,,8,548,354,,,,,,,,,,,,,,,,8,684,446,,,,,,
625,22514.7,7,647,216,,,,,,,8,546,347,,,,,,,,,,,,,,,,7,676,447,,,,,,
626,22552.0,7,653,214,,,,,,,8,545,339,,,,,,,,,,,,,,,,7,668,447,,,,,,
627,22582.7,7,660,214,,,,,,,8,544,332,,,,,,,,,,,,,,,,7,661,447,,,,,,
628,22614.7,7,665,213,,,,,,,8,544,324,,,,,,,,,,,,,,,,8,653,446,,,,,,
629,22646.9,7,672,213,,,,,,,8,543,316,,,,,,,,,,,,,,,,7,646,445,,,,,,
630,22683.9,7,678,213,,,,,,,8,543,309,,,,,,,,,,,,,,,,8,638,444,,,,,,
631,22715.0,7,684,214,,,,,,,8,545,302,,,,,,,,,,,,,,,,7,631,442,,,,,,
632,22782.5,7,695,217,,,,,,,8,546,287,,,,,,,,,,,,,,,,7,615,437,,,,,,
633,22815.8,7,700,219,,,,,,,8,548,280,,,,,,,,,,,,,,,,7,608,434,,,,,,
634,22848.1,7,706,221,,,,,,,8,550,274,,,,,,,,,,,,,,,,8,601,431,,,,,,
635,22914.7,7,716,227,,,,,,,8,555,261,,,,,,,,,,,,,,,,7,587,423,,,,,,
636,22946.8,7,720,231,,,,,,,8,558,255,,,,,,,,,,,,,,,,7,580,419,,,,,,
637,22983.1,7,725,235,,,,,,,8,562,249,,,,,,,,,,,,,,,,7,573,415,,,,,,
638,23018.3,7,728,239,,,,,,,8,565,243,,,,,,,,,,,,,,,,8,568,410,,,,,,
639,23082.6,7,735,249,,,,,,,8,573,233,,,,,,,,,,,,,,,,8,556,399,,,,,,
640,23114.9,7,738,254,,,,,,,8,577,229,,,,,,,,,,,,,,,,8,550,393,,,,,,
641,23182.8,7,743,265,,,,,,,8,586,221,,,,,,,,,,,,,,,,7,540,382,,,,,,
642,23214.9,7,744,271,,,,,,,8,591,218,,,,,,,,,,,,,,,,8,535,375,,,,,,
643,23282.7,7,746,284,,,,,,,8,600,212,,,,,,,,,,,,,,,,8,527,362,,,,,,
644,23314.9,7,747,290,,,,,,,8,606,210,,,,,,,,,,,,,,,,7,524,355,,,,,,
645,23352.4,7,747,297,,,,,,,8,611,208,,,,,,,,,,,,,,,,7,520,349,,,,,,
646,23383.7,7,746,304,,,,,,,8,616,207,,,,,,,,,,,,,,,,8,517,342,,,,,,
647,23415.1,7,745,310,,,,,,,8,621,206,,,,,,,,,,,,,,,,7,515,335,,,,,,
648,23446.8,7,744,318,,,,,,,8,626,205,,,,,,,,,,,,,,,,8,513,328,,,,,,
649,23483.2,7,743,324,,,,,,,8,631,206,,,,,,,,,,,,,,,,8,511,321,,,,,,
650,23516.7,7,740,332,,,,,,,8,637,206,,,,,,,,,,,,,,,,8,510,315,,,,,,
651,23547.7,7,738,338,,,,,,,9,643,208,,,,,,,,,,,,,,,,8,509,308,,,,,,
652,23582.7,7,735,345,,,,,,,8,647,208,,,,,,,,,,,,,,,,7,508,301,,,,,,
653,23615.0,7,732,352,,,,,,,8,652,211,,,,,,,,,,,,,,,,8,508,295,,,,,,
654,23648.7,7,727,359,,,,,,,8,656,213,,,,,,,,,,,,,,,,8,507,288,,,,,,
655,23683.3,6,723,366,,,,,,,8,661,215,,,,,,,,,,,,,,,,8,508,282,,,,,,
656,23714.9,7,718,372,,,,,,,8,665,219,,,,,,,,,,,,,,,,8,509,276,,,,,,
657,23746.8,7,713,379,,,,,,,8,668,222,,,,,,,,,,,,,,,,8,510,270,,,,,,
658,23782.9,7,708,385,,,,,,,8,673,226,,,,,,,,,,,,,,,,8,511,264,,,,,,
659,23814.9,7,702,391,,,,,,,8,676,230,,,,,,,,,,,,,,,,8,512,259,,,,,,
660,23846.8,7,696,396,,,,,,,8,679,234,,,,,,,,,,,,,,,,8,514,253,,,,,,
661,23882.6,7,689,402,,,,,,,8,682,239,,,,,,,,,,,,,,,,8,517,248,,,,,,
662,23914.7,6,682,407,,,,,,,8,684,245,,,,,,,,,,,,,,,,8,519,244,,,,,,
663,23948.8,6,675,412,,,,,,,8,686,250,,,,,,,,,,,,,,,,8,522,240,,,,,,
664,23984.7,6,667,417,,,,,,,8,688,256,,,,,,,,,,,,,,,,8,524,236,,,,,,
665,24018.4,6,659,422,,,,,,,8,690,262,,,,,,,,,,,,,,,,8,527,232,,,,,,
666,24048.7,6,651,426,,,,,,,8,691,269,,,,,,,,,,,,,,,,8,530,229,,,,,,
667,24084.8,6,643,430,,,,,,,8,691,275,,,,,,,,,,,,,,,,8,534,226,,,,,,
668,24120.7,6,635,434,,,,,,,8,692,282,,,,,,,,,,,,,,,,8,537,223,,,,,,
669,24147.2,6,626,437,,,,,,,8,692,288,,,,,,,,,,,,,,,,8,541,221,,,,,,
670,24183.5,6,617,440,,,,,,,8,691,296,,,,,,,,,,,,,,,,8,544,220,,,,,,
671,24216.1,6,608,442,,,,,,,8,690,303,,,,,,,,,,,,,,,,8,548,218,,,,,,
672,24247.0,6,598,445,,,,,,,8,689,310,,,,,,,,,,,,,,,,8,552,218,,,,,,
673,24283.7,6,589,447,,,,,,,8,687,318,,,,,,,,,,,,,,,,8,556,217,,,,,,
674,24315.0,6,580,448,,,,,,,8,685,325,,,,,,,,,,,,,,,,8,560,217,,,,,,
675,24348.0,6,570,449,,,,,,,8,682,333,,,,,,,,,,,,,,,,8,563,217,,,,,,
676,24384.8,6,561,450,,,,,,,8,679,340,,,,,,,,,,,,,,,,8,567,218,,,,,,
677,24415.0,6,551,451,,,,,,,8,675,348,,,,,,,,,,,,,,,,8,571,219,,,,,,
678,24447.1,6,541,451,,,,,,,8,671,356,,,,,,,,,,,,,,,,8,575,221,,,,,,
679,24483.2,7,532,451,,,,,,,8,667,362,,,,,,,,,,,,,,,,8,578,223,,,,,,
680,24515.0,6,522,450,,,,,,,8,662,370,,,,,,,,,,,,,,,,8,581,226,,,,,,
681,24547.0,6,512,448,,,,,,,8,656,377,,,,,,,,,,,,,,,,8,584,228,,,,,,
682,24582.6,6,503,447,,,,,,,7,650,385,,,,,,,,,,,,,,,,8,587,232,,,,,,
683,24614.8,6,494,445,,,,,,,7,644,392,,,,,,,,,,,,,,,,8,590,235,,,,,,
684,24647.3,6,484,444,,,,,,,8,638,399,,,,,,,,,,,,,,,,8,593,239,,,,,,
685,24682.8,6,475,441,,,,,,,8,631,405,,,,,,,,,,,,,,,,8,595,244,,,,,,
686,24715.0,6,466,439,,,,,,,8,624,412,,,,,,,,,,,,,,,,8,597,248,,,,,,
687,24746.9,6,458,436,,,,,,,8,616,418,,,,,,,,,,,,,,,,8,599,254,,,,,,
688,24782.9,6,449,432,,,,,,,8,608,424,,,,,,,,,,,,,,,,8,600,259,,,,,,
689,24815.0,6,440,429,,,,,,,7,600,429,,,,,,,,,,,,,,,,8,601,264,,,,,,
690,24848.7,6,432,425,,,,,,,7,592,435,,,,,,,,,,,,,,,,8,602,270,,,,,,
691,24883.3,6,424,421,,,,,,,7,583,440,,,,,,,,,,,,,,,,8,603,277,,,,,,
692,24915.4,6,416,417,,,,,,,8,574,445,,,,,,,,,,,,,,,,8,603,283,,,,,,
693,24947.3,6,409,412,,,,,,,8,564,449,,,,,,,,,,,,,,,,8,603,290,,,,,,
694,25014.6,6,395,403,,,,,,,7,545,458,,,,,,,,,,,,,,,,8,601,304,,,,,,
695,25047.2,6,388,397,,,,,,,7,535,462,,,,,,,,,,,,,,,,8,600,311,,,,,,
696,25082.9,6,382,392,,,,,,,7,525,464,,,,,,,,,,,,,,,,8,599,318,,,,,,
697,25146.7,6,370,381,,,,,,,8,504,470,,,,,,,,,,,,,,,,8,594,333,,,,,,
698,25182.6,7,365,376,,,,,,,8,494,472,,,,,,,,,,,,,,,,8,591,341,,,,,,
699,25215.4,7,360,370,,,,,,,7,484,473,,,,,,,,,,,,,,,,7,588,349,,,,,,
700,25246.9,7,355,365,,,,,,,8,473,475,,,,,,,,,,,,,,,,7,584,356,,,,,,
701,25283.0,7,350,359,,,,,,,7,462,477,,,,,,,,,,,,,,,,7,580,364,,,,,,
702,25315.8,7,347,354,,,,,,,7,451,477,,,,,,,,,,,,,,,,7,575,372,,,,,,
703,25347.2,7,343,348,,,,,,,7,441,477,,,,,,,,,,,,,,,,7,570,380,,,,,,
704,25383.0,7,340,343,,,,,,,7,430,477,,,,,,,,,,,,,,,,7,565,387,,,,,,
705,25414.9,7,336,337,,,,,,,8,420,477,,,,,,,,,,,,,,,,8,559,395,,,,,,
706,25447.1,7,334,332,,,,,,,8,409,476,,,,,,,,,,,,,,,,7,553,402,,,,,,
707,25483.0,7,331,327,,,,,,,8,398,475,,,,,,,,,,,,,,,,7,546,409,,,,,,
708,25515.1,7,330,322,,,,,,,8,388,473,,,,,,,,,,,,,,,,7,540,416,,,,,,
709,25547.0,7,328,317,,,,,,,8,378,472,,,,,,,,,,,,,,,,7,532,424,,,,,,
710,25582.6,7,326,312,,,,,,,7,367,469,,,,,,,,,,,,,,,,7,525,430,,,,,,
711,25614.8,7,325,308,,,,,,,8,358,467,,,,,,,,,,,,,,,,7,517,437,,,,,,
712,25647.0,7,325,304,,,,,,,8,348,464,,,,,,,,,,,,,,,,7,509,443,,,,,,
713,25684.2,7,324,300,,,,,,,7,337,461,,,,,,,,,,,,,,,,7,500,450,,,,,,
714,25782.6,7,324,289,,,,,,,7,310,451,,,,,,,,,,,,,,,,7,473,467,,,,,,
715,25820.6,7,324,286,,,,,,,8,301,446,,,,,,,,,,,,,,,,7,463,472,,,,,,
716,25847.3,7,325,284,,,,,,,8,293,442,,,,,,,,,,,,,,,,7,453,477,,,,,,
717,25885.4,7,325,281,,,,,,,8,285,438,,,,,,,,,,,,,,,,7,442,481,,,,,,
718,25915.0,7,327,280,,,,,,,8,277,433,,,,,,,,,,,,,,,,7,432,485,,,,,,
719,25982.6,7,329,276,,,,,,,7,262,423,,,,,,,,,,,,,,,,7,411,493,,,,,,
720,26014.7,7,331,276,,,,,,,8,255,418,,,,,,,,,,,,,,,,7,400,496,,,,,,
721,26047.0,7,332,275,,,,,,,8,249,413,,,,,,,,,,,,,,,,7,389,499,,,,,,
722,26084.7,7,334,275,,,,,,,8,242,408,,,,,,,,,,,,,,,,7,378,502,,,,,,
723,26114.8,7,336,275,,,,,,,8,237,402,,,,,,,,,,,,,,,,7,367,504,,,,,,
724,26147.1,7,337,276,,,,,,,8,231,397,,,,,,,,,,,,,,,,7,355,505,,,,,,
725,26183.2,7,339,277,,,,,,,8,226,391,,,,,,,,,,,,,,,,7,344,507,,,,,,
726,26214.9,7,341,278,,,,,,,8,221,386,,,,,,,,,,,,,,,,7,333,508,,,,,,
727,26246.8,7,342,280,,,,,,,8,217,381,,,,,,,,,,,,,,,,7,322,509,,,,,,
728,26282.8,7,343,282,,,,,,,8,212,376,,,,,,,,,,,,,,,,7,310,509,,,,,,
729,26314.9,7,345,285,,,,,,,8,209,370,,,,,,,,,,,,,,,,7,299,509,,,,,,
730,26346.9,7,347,288,,,,,,,8,205,366,,,,,,,,,,,,,,,,7,288,509,,,,,,
731,26382.7,7,348,291,,,,,,,8,202,360,,,,,,,,,,,,,,,,7,276,508,,,,,,
732,26414.8,7,349,294,,,,,,,8,200,356,,,,,,,,,,,,,,,,7,265,508,,,,,,
733,26446.9,7,350,298,,,,,,,8,198,351,,,,,,,,,,,,,,,,7,254,506,,,,,,
734,26546.7,7,352,313,,,,,,,8,193,338,,,,,,,,,,,,,,,,7,222,500,,,,,,
735,26583.0,7,352,317,,,,,,,8,191,334,,,,,,,,,,,,,,,,7,212,498,,,,,,
736,26620.7,7,352,323,,,,,,,8,190,331,,,,,,,,,,,,,,,,8,202,495,,,,,,
737,26647.3,6,352,329,,,,,,,8,189,327,,,,,,,,,,,,,,,,8,192,492,,,,,,
738,26689.9,6,351,335,,,,,,,8,189,324,,,,,,,,,,,,,,,,7,182,489,,,,,,
739,26716.6,7,350,341,,,,,,,8,189,322,,,,,,,,,,,,,,,,7,173,485,,,,,,
740,26747.4,6,349,348,,,,,,,8,189,319,,,,,,,,,,,,,,,,7,163,482,,,,,,
741,26782.9,6,348,354,,,,,,,8,189,317,,,,,,,,,,,,,,,,7,155,478,,,,,,
742,26814.7,7,347,361,,,,,,,8,190,315,,,,,,,,,,,,,,,,7,146,473,,,,,,
743,26882.5,6,342,376,,,,,,,8,191,312,,,,,,,,,,,,,,,,7,130,465,,,,,,
744,26915.0,6,339,383,,,,,,,8,192,312,,,,,,,,,,,,,,,,7,122,460,,,,,,
745,26946.9,6,336,390,,,,,,,8,193,311,,,,,,,,,,,,,,,,8,115,456,,,,,,
746,26983.0,7,332,398,,,,,,,8,195,312,,,,,,,,,,,,,,,,7,108,450,,,,,,
747,27015.4,7,329,405,,,,,,,8,195,311,,,,,,,,,,,,,,,,8,102,446,,,,,,
748,27047.1,6,325,413,,,,,,,8,197,312,,,,,,,,,,,,,,,,7,95,441,,,,,,
749,27114.8,6,316,429,,,,,,,8,199,314,,,,,,,,,,,,,,,,8,84,431,,,,,,
750,27148.7,6,311,437,,,,,,,8,200,316,,,,,,,,,,,,,,,,8,78,426,,,,,,
751,27182.8,6,305,445,,,,,,,8,202,319,,,,,,,,,,,,,,,,8,74,421,,,,,,
752,27214.8,6,299,453,,,,,,,8,203,321,,,,,,,,,,,,,,,,8,69,416,,,,,,
753,27247.1,6,293,460,,,,,,,8,204,324,,,,,,,,,,,,,,,,8,65,411,,,,,,
754,27283.0,6,288,468,,,,,,,8,208,328,,,,,,,,,,,,,,,,8,63,407,,,,,,
755,27315.2,6,285,477,,,,,,,8,213,333,,,,,,,,,,,,,,,,8,64,403,,,,,,
756,27347.4,6,282,486,,,,,,,8,217,338,,,,,,,,,,,,,,,,8,65,400,,,,,,
757,27382.9,6,278,494,,,,,,,8,223,343,,,,,,,,,,,,,,,,8,67,397,,,,,,
758,27414.9,6,274,502,,,,,,,8,227,349,,,,,,,,,,,,,,,,8,68,394,,,,,,
759,27447.2,6,270,511,,,,,,,8,231,354,,,,,,,,,,,,,,,,7,70,391,,,,,,
760,27482.7,6,265,519,,,,,,,8,235,361,,,,,,,,,,,,,,,,8,73,387,,,,,,
761,27546.8,6,255,534,,,,,,,8,244,374,,,,,,,,,,,,,,,,8,78,383,,,,,,
762,27583.0,6,249,541,,,,,,,8,247,381,,,,,,,,,,,,,,,,8,81,381,,,,,,
763,27620.8,6,243,548,,,,,,,8,250,389,,,,,,,,,,,,,,,,8,84,379,,,,,,
764,27646.8,6,237,555,,,,,,,8,253,396,,,,,,,,,,,,,,,,8,88,378,,,,,,
765,27682.9,6,231,562,,,,,,,8,256,405,,,,,,,,,,,,,,,,8,92,376,,,,,,
766,27719.5,7,227,567,,,,,,,8,258,411,,,,,,,,,,,,,,,,8,96,377,,,,,,
767,27747.3,6,229,571,,,,,,,8,261,414,,,,,,,,,,,,,,,,8,99,380,,,,,,
768,27783.0,6,231,574,,,,,,,8,264,418,,,,,,,,,,,,,,,,8,102,382,,,,,,
769,27814.9,7,233,577,,,,,,,8,267,421,,,,,,,,,,,,,,,,8,105,385,,,,,,
770,27882.7,6,236,584,,,,,,,8,273,428,,,,,,,,,,,,,,,,8,111,390,,,,,,
771,27914.9,6,238,587,,,,,,,8,276,432,,,,,,,,,,,,,,,,8,114,393,,,,,,
772,27947.4,6,240,591,,,,,,,8,278,436,,,,,,,,,,,,,,,,8,117,395,,,,,,
773,27983.2,7,241,594,,,,,,,8,281,439,,,,,,,,,,,,,,,,8,120,398,,,,,,
774,28015.8,6,243,597,,,,,,,8,284,443,,,,,,,,,,,,,,,,8,123,400,,,,,,
775,28048.0,6,245,601,,,,,,,8,287,447,,,,,,,,,,,,,,,,8,127,403,,,,,,
776,28083.2,6,246,604,,,,,,,7,289,450,,,,,,,,,,,,,,,,8,130,406,,,,,,
777,28114.9,6,248,607,,,,,,,8,292,454,,,,,,,,,,,,,,,,8,132,408,,,,,,
778,28147.1,7,249,611,,,,,,,8,295,458,,,,,,,,,,,,,,,,8,136,411,,,,,,
779,28184.3,6,251,614,,,,,,,8,297,461,,,,,,,,,,,,,,,,8,139,413,,,,,,
780,28216.8,6,252,617,,,,,,,8,300,465,,,,,,,,,,,,,,,,8,141,416,,,,,,
781,28247.1,6,254,621,,,,,,,8,302,469,,,,,,,,,,,,,,,,8,144,419,,,,,,
782,28282.7,6,255,624,,,,,,,8,305,473,,,,,,,,,,,,,,,,8,147,421,,,,,,
783,28315.0,6,257,628,,,,,,,8,308,477,,,,,,,,,,,,,,,,8,150,424,,,,,,
784,28347.1,7,258,631,,,,,,,8,311,480,,,,,,,,,,,,,,,,8,153,427,,,,,,
785,28382.6,6,259,634,,,,,,,8,313,483,,,,,,,,,,,,,,,,8,156,429,,,,,,
786,28414.9,6,261,638,,,,,,,8,315,487,,,,,,,,,,,,,,,,8,159,432,,,,,,
787,28446.9,6,262,641,,,,,,,8,318,491,,,,,,,,,,,,,,,,8,162,435,,,,,,
788,28482.7,6,264,644,,,,,,,8,319,495,,,,,,,,,,,,,,,,7,165,437,,,,,,
789,28515.1,6,265,648,,,,,,,8,323,499,,,,,,,,,,,,,,,,8,168,440,,,,,,
790,28547.5,6,266,651,,,,,,,8,325,503,,,,,,,,,,,,,,,,8,170,443,,,,,,
791,28614.7,6,269,658,,,,,,,8,329,510,,,,,,,,,,,,,,,,7,176,448,,,,,,
792,28648.0,6,270,661,,,,,,,8,332,514,,,,,,,,,,,,,,,,8,179,451,,,,,,
793,28683.0,6,271,664,,,,,,,8,333,517,,,,,,,,,,,,,,,,8,181,453,,,,,,
794,28715.1,6,272,667,,,,,,,7,336,521,,,,,,,,,,,,,,,,8,184,456,,,,,,
795,28748.7,6,273,670,,,,,,,8,338,525,,,,,,,,,,,,,,,,8,187,459,,,,,,
796,28783.1,6,274,674,,,,,,,8,340,528,,,,,,,,,,,,,,,,8,189,461,,,,,,
797,28815.6,6,275,677,,,,,,,8,342,532,,,,,,,,,,,,,,,,8,192,464,,,,,,
798,28846.8,6,276,680,,,,,,,8,344,535,,,,,,,,,,,,,,,,7,195,467,,,,,,
799,28882.7,6,277,683,,,,,,,8,346,539,,,,,,,,,,,,,,,,8,197,469,,,,,,
800,28915.0,6,278,687,,,,,,,8,349,543,,,,,,,,,,,,,,,,7,200,472,,,,,,
801,28946.9,6,279,690,,,,,,,8,350,547,,,,,,,,,,,,,,,,7,202,475,,,,,,
802,28983.0,6,280,693,,,,,,,8,353,550,,,,,,,,,,,,,,,,8,205,477,,,,,,
803,29015.0,6,281,696,,,,,,,8,354,554,,,,,,,,,,,,,,,,8,207,480,,,,,,
804,29048.7,6,282,699,,,,,,,8,356,558,,,,,,,,,,,,,,,,8,210,483,,,,,,
805,29083.1,6,283,702,,,,,,,8,358,561,,,,,,,,,,,,,,,,8,212,485,,,,,,
806,29114.8,6,283,706,,,,,,,8,360,564,,,,,,,,,,,,,,,,8,215,488,,,,,,
807,29147.1,7,284,709,,,,,,,8,362,568,,,,,,,,,,,,,,,,8,217,491,,,,,,
808,29182.8,6,285,712,,,,,,,8,363,572,,,,,,,,,,,,,,,,7,219,493,,,,,,
809,29214.8,6,286,715,,,,,,,8,365,576,,,,,,,,,,,,,,,,8,222,496,,,,,,
810,29246.9,6,287,718,,,,,,,8,367,579,,,,,,,,,,,,,,,,7,224,499,,,,,,
811,29282.9,7,288,721,,,,,,,8,368,583,,,,,,,,,,,,,,,,8,227,502,,,,,,
812,29315.3,7,288,724,,,,,,,8,370,587,,,,,,,,,,,,,,,,8,229,504,,,,,,
813,29347.3,6,289,727,,,,,,,8,372,590,,,,,,,,,,,,,,,,8,231,507,,,,,,
814,29383.0,6,289,730,,,,,,,8,374,594,,,,,,,,,,,,,,,,8,233,509,,,,,,
815,29414.9,6,290,734,,,,,,,8,376,597,,,,,,,,,,,,,,,,8,235,512,,,,,,
816,29446.9,6,291,736,,,,,,,8,377,601,,,,,,,,,,,,,,,,8,238,515,,,,,,
817,29482.9,6,291,740,,,,,,,8,378,605,,,,,,,,,,,,,,,,8,240,517,,,,,,
818,29518.5,7,292,743,,,,,,,8,380,609,,,,,,,,,,,,,,,,8,242,520,,,,,,
819,29553.0,6,293,746,,,,,,,8,381,612,,,,,,,,,,,,,,,,7,244,523,,,,,,
820,29583.6,6,293,749,,,,,,,8,383,616,,,,,,,,,,,,,,,,8,246,525,,,,,,
821,29620.7,6,294,752,,,,,,,8,384,620,,,,,,,,,,,,,,,,8,248,529,,,,,,
822,29647.1,6,294,755,,,,,,,8,386,623,,,,,,,,,,,,,,,,8,251,532,,,,,,
823,29682.8,6,295,758,,,,,,,8,387,627,,,,,,,,,,,,,,,,8,252,534,,,,,,
824,29714.8,6,295,761,,,,,,,8,388,630,,,,,,,,,,,,,,,,7,254,537,,,,,,
825,29748.7,7,295,764,,,,,,,8,390,634,,,,,,,,,,,,,,,,8,257,540,,,,,,
826,29782.6,6,296,768,,,,,,,8,391,637,,,,,,,,,,,,,,,,8,259,542,,,,,,
827,29814.9,6,296,771,,,,,,,8,392,641,,,,,,,,,,,,,,,,7,260,545,,,,,,
828,29847.1,6,296,774,,,,,,,8,393,645,,,,,,,,,,,,,,,,8,262,548,,,,,,
829,29883.2,6,297,776,,,,,,,9,395,648,,,,,,,,,,,,,,,,8,264,551,,,,,,
830,29914.9,6,297,780,,,,,,,8,395,652,,,,,,,,,,,,,,,,7,266,553,,,,,,
831,29947.0,6,298,783,,,,,,,8,397,656,,,,,,,,,,,,,,,,7,268,556,,,,,,
832,30014.7,6,298,789,,,,,,,8,399,663,,,,,,,,,,,,,,,,7,272,562,,,,,,
833,30046.9,6,299,792,,,,,,,8,400,667,,,,,,,,,,,,,,,,7,274,565,,,,,,
834,30083.1,7,299,795,,,,,,,8,402,671,,,,,,,,,,,,,,,,8,276,568,,,,,,
835,30115.0,6,299,798,,,,,,,8,402,675,,,,,,,,,,,,,,,,7,277,571,,,,,,
836,30147.7,6,299,801,,,,,,,8,404,678,,,,,,,,,,,,,,,,7,279,573,,,,,,
837,30182.7,6,299,804,,,,,,,8,404,682,,,,,,,,,,,,,,,,8,281,577,,,,,,
838,30215.0,6,299,807,,,,,,,8,405,686,,,,,,,,,,,,,,,,7,282,580,,,,,,
839,30246.8,7,299,811,,,,,,,8,406,690,,,,,,,,,,,,,,,,8,284,582,,,,,,
840,30282.8,7,300,813,,,,,,,9,407,693,,,,,,,,,,,,,,,,8,286,585,,,,,,
841,30315.3,7,300,816,,,,,,,8,407,697,,,,,,,,,,,,,,,,7,287,588,,,,,,
842,30346.9,7,300,820,,,,,,,8,409,701,,,,,,,,,,,,,,,,8,289,591,,,,,,
843,30382.8,7,300,823,,,,,,,8,410,705,,,,,,,,,,,,,,,,8,290,594,,,,,,
844,30415.0,7,300,826,,,,,,,8,410,708,,,,,,,,,,,,,,,,7,292,597,,,,,,
845,30482.5,7,300,832,,,,,,,7,412,716,,,,,,,,,,,,,,,,8,295,603,,,,,,
846,30517.1,7,299,835,,,,,,,8,412,720,,,,,,,,,,,,,,,,7,296,606,,,,,,
847,30549.8,6,299,838,,,,,,,8,413,724,,,,,,,,,,,,,,,,7,298,609,,,,,,
848,30585.6,7,299,841,,,,,,,8,413,727,,,,,,,,,,,,,,,,8,299,612,,,,,,
849,30619.7,7,299,844,,,,,,,8,414,732,,,,,,,,,,,,,,,,8,300,615,,,,,,
850,30647.2,7,299,847,,,,,,,8,415,735,,,,,,,,,,,,,,,,8,302,619,,,,,,
851,30714.9,7,298,853,,,,,,,8,416,743,,,,,,,,,,,,,,,,8,305,625,,,,,,
852,30747.2,7,298,856,,,,,,,8,416,748,,,,,,,,,,,,,,,,7,305,628,,,,,,
853,30783.1,7,297,860,,,,,,,8,416,751,,,,,,,,,,,,,,,,7,307,631,,,,,,
854,30815.2,7,297,863,,,,,,,8,417,755,,,,,,,,,,,,,,,,8,308,634,,,,,,
855,30850.6,7,296,866,,,,,,,8,417,759,,,,,,,,,,,,,,,,7,309,637,,,,,,
856,30882.9,7,296,869,,,,,,,8,417,763,,,,,,,,,,,,,,,,7,310,640,,,,,,
857,30914.9,7,296,872,,,,,,,8,417,767,,,,,,,,,,,,,,,,8,311,643,,,,,,
858,30982.7,6,295,878,,,,,,,8,418,774,,,,,,,,,,,,,,,,7,313,650,,,,,,
859,31014.7,6,294,881,,,,,,,7,418,778,,,,,,,,,,,,,,,,7,315,653,,,,,,
860,31082.6,7,294,887,,,,,,,8,419,786,,,,,,,,,,,,,,,,7,317,659,,,,,,
861,31115.1,7,293,891,,,,,,,8,419,790,,,,,,,,,,,,,,,,7,318,663,,,,,,
862,31151.1,7,293,894,,,,,,,8,419,794,,,,,,,,,,,,,,,,8,319,666,,,,,,
863,31182.8,7,292,897,,,,,,,8,419,798,,,,,,,,,,,,,,,,8,319,669,,,,,,
864,31215.4,7,294,898,,,,,,,8,420,798,,,,,,,,,,,,,,,,8,320,670,,,,,,
865,31246.9,7,297,899,,,,,,,8,422,796,,,,,,,,,,,,,,,,8,319,670,,,,,,
866,31282.7,6,304,899,,,,,,,8,425,793,,,,,,,,,,,,,,,,8,318,670,,,,,,
867,31315.1,6,311,899,,,,,,,8,428,788,,,,,,,,,,,,,,,,8,317,670,,,,,,
868,31346.9,6,318,899,,,,,,,8,431,784,,,,,,,,,,,,,,,,8,315,670,,,,,,
869,31384.7,6,325,899,,,,,,,8,434,779,,,,,,,,,,,,,,,,8,313,669,,,,,,
870,31415.4,7,333,898,,,,,,,8,436,774,,,,,,,,,,,,,,,,8,311,670,,,,,,
871,31448.8,6,340,898,,,,,,,8,439,769,,,,,,,,,,,,,,,,8,309,670,,,,,,
872,31483.2,6,348,897,,,,,,,8,441,764,,,,,,,,,,,,,,,,8,307,671,,,,,,
873,31546.6,7,362,895,,,,,,,8,444,755,,,,,,,,,,,,,,,,7,303,673,,,,,,
874,31582.9,6,369,893,,,,,,,8,445,750,,,,,,,,,,,,,,,,8,302,674,,,,,,
875,31616.7,6,377,892,,,,,,,8,448,746,,,,,,,,,,,,,,,,8,300,675,,,,,,
876,31652.7,7,384,890,,,,,,,8,448,741,,,,,,,,,,,,,,,,7,298,677,,,,,,
877,31714.7,6,397,886,,,,,,,8,449,732,,,,,,,,,,,,,,,,7,295,681,,,,,,
878,31747.1,7,404,884,,,,,,,8,450,728,,,,,,,,,,,,,,,,8,293,683,,,,,,
879,31785.1,6,410,881,,,,,,,8,450,724,,,,,,,,,,,,,,,,7,291,685,,,,,,
880,31820.7,7,417,879,,,,,,,8,450,720,,,,,,,,,,,,,,,,7,290,688,,,,,,
881,31851.5,6,423,876,,,,,,,8,450,716,,,,,,,,,,,,,,,,8,288,690,,,,,,
882,31914.8,6,435,870,,,,,,,8,449,708,,,,,,,,,,,,,,,,7,286,696,,,,,,
883,31946.9,6,441,867,,,,,,,7,448,705,,,,,,,,,,,,,,,,8,284,699,,,,,,
884,31985.5,6,446,863,,,,,,,8,446,701,,,,,,,,,,,,,,,,8,283,703,,,,,,
885,32015.0,7,452,860,,,,,,,8,445,698,,,,,,,,,,,,,,,,7,282,706,,,,,,
886,32047.2,7,457,856,,,,,,,8,444,695,,,,,,,,,,,,,,,,8,281,709,,,,,,
887,32082.6,6,462,852,,,,,,,8,443,691,,,,,,,,,,,,,,,,8,281,713,,,,,,
888,32114.8,7,467,849,,,,,,,8,441,689,,,,,,,,,,,,,,,,7,280,717,,,,,,
889,32147.0,6,472,845,,,,,,,8,440,686,,,,,,,,,,,,,,,,7,280,721,,,,,,
890,32184.8,7,476,841,,,,,,,8,438,684,,,,,,,,,,,,,,,,7,279,724,,,,,,
891,32215.4,7,481,836,,,,,,,8,436,682,,,,,,,,,,,,,,,,7,279,729,,,,,,
892,32246.8,7,485,832,,,,,,,8,434,679,,,,,,,,,,,,,,,,7,279,733,,,,,,
893,32283.2,6,489,828,,,,,,,8,431,678,,,,,,,,,,,,,,,,7,279,737,,,,,,
894,32316.7,6,493,824,,,,,,,8,430,676,,,,,,,,,,,,,,,,7,279,742,,,,,,
895,32347.1,7,496,820,,,,,,,8,427,674,,,,,,,,,,,,,,,,8,279,746,,,,,,
896,32515.8,7,511,798,,,,,,,8,413,669,,,,,,,,,,,,,,,,7,284,769,,,,,,
897,32548.3,6,513,793,,,,,,,8,411,669,,,,,,,,,,,,,,,,7,285,774,,,,,,
898,32582.9,7,515,788,,,,,,,8,408,669,,,,,,,,,,,,,,,,7,286,779,,,,,,
899,32615.5,6,517,784,,,,,,,9,404,669,,,,,,,,,,,,,,,,8,288,784,,,,,,
900,32648.3,6,518,779,,,,,,,8,402,669,,,,,,,,,,,,,,,,7,290,789,,,,,,
901,32684.7,6,520,775,,,,,,,8,399,670,,,,,,,,,,,,,,,,7,292,794,,,,,,
902,32716.2,7,521,770,,,,,,,8,396,670,,,,,,,,,,,,,,,,7,294,798,,,,,,
903,32749.4,7,522,766,,,,,,,8,393,671,,,,,,,,,,,,,,,,7,296,804,,,,,,
904,32782.9,6,523,762,,,,,,,8,390,672,,,,,,,,,,,,,,,,7,299,808,,,,,,
905,32815.5,6,523,758,,,,,,,8,388,674,,,,,,,,,,,,,,,,7,301,813,,,,,,
906,32847.2,7,523,753,,,,,,,8,384,675,,,,,,,,,,,,,,,,7,304,818,,,,,,
907,32882.9,6,523,749,,,,,,,8,381,676,,,,,,,,,,,,,,,,7,307,822,,,,,,
908,32915.0,7,523,745,,,,,,,8,379,678,,,,,,,,,,,,,,,,7,310,827,,,,,,
909,32946.9,6,523,741,,,,,,,7,376,680,,,,,,,,,,,,,,,,7,313,832,,,,,,
910,32982.7,7,523,737,,,,,,,8,374,683,,,,,,,,,,,,,,,,7,316,836,,,,,,
911,33015.1,7,522,733,,,,,,,8,370,684,,,,,,,,,,,,,,,,7,320,841,,,,,,
912,33082.7,7,521,726,,,,,,,9,365,690,,,,,,,,,,,,,,,,7,327,849,,,,,,
913,33114.8,6,519,723,,,,,,,8,362,693,,,,,,,,,,,,,,,,8,330,854,,,,,,
914,33147.2,6,518,719,,,,,,,8,360,696,,,,,,,,,,,,,,,,8,335,858,,,,,,
915,33184.3,6,516,716,,,,,,,8,358,699,,,,,,,,,,,,,,,,7,339,862,,,,,,
916,33215.0,7,515,713,,,,,,,8,355,702,,,,,,,,,,,,,,,,8,343,865,,,,,,
917,33247.4,6,513,710,,,,,,,8,354,706,,,,,,,,,,,,,,,,7,347,869,,,,,,
918,33282.9,6,511,707,,,,,,,8,351,709,,,,,,,,,,,,,,,,7,352,873,,,,,,
919,33315.1,6,509,705,,,,,,,8,349,713,,,,,,,,,,,,,,,,7,356,877,,,,,,
920,33347.6,6,506,702,,,,,,,8,348,717,,,,,,,,,,,,,,,,7,361,880,,,,,,
921,33382.8,7,504,700,,,,,,,8,345,721,,,,,,,,,,,,,,,,8,366,884,,,,,,
922,33416.7,6,501,698,,,,,,,8,344,726,,,,,,,,,,,,,,,,7,370,887,,,,,,
923,33447.2,6,499,696,,,,,,,8,343,729,,,,,,,,,,,,,,,,8,375,890,,,,,,
924,33483.0,6,496,694,,,,,,,8,341,734,,,,,,,,,,,,,,,,7,380,893,,,,,,
925,33518.4,6,493,692,,,,,,,8,340,739,,,,,,,,,,,,,,,,7,385,895,,,,,,
926,33548.7,6,490,691,,,,,,,8,339,743,,,,,,,,,,,,,,,,7,390,898,,,,,,
927,33583.1,6,487,689,,,,,,,8,338,748,,,,,,,,,,,,,,,,8,395,901,,,,,,
928,33619.4,6,484,688,,,,,,,8,337,753,,,,,,,,,,,,,,,,7,401,903,,,,,,
929,33648.7,6,480,687,,,,,,,7,336,757,,,,,,,,,,,,,,,,8,406,906,,,,,,
930,33683.7,6,477,687,,,,,,,8,336,762,,,,,,,,,,,,,,,,8,411,907,,,,,,
931,33716.2,6,474,686,,,,,,,8,335,767,,,,,,,,,,,,,,,,8,417,910,,,,,,
932,33747.6,6,470,686,,,,,,,8,335,772,,,,,,,,,,,,,,,,7,422,911,,,,,,
933,33783.3,6,466,685,,,,,,,8,335,778,,,,,,,,,,,,,,,,8,427,913,,,,,,
934,33816.7,6,463,685,,,,,,,8,335,782,,,,,,,,,,,,,,,,8,433,914,,,,,,
935,33847.7,6,459,685,,,,,,,8,336,788,,,,,,,,,,,,,,,,7,438,915,,,,,,
936,33882.8,6,456,686,,,,,,,8,336,793,,,,,,,,,,,,,,,,8,443,916,,,,,,
937,33914.9,6,452,687,,,,,,,8,337,798,,,,,,,,,,,,,,,,7,449,917,,,,,,
938,33947.0,6,448,687,,,,,,,7,337,803,,,,,,,,,,,,,,,,7,454,918,,,,,,
939,33983.6,6,444,688,,,,,,,8,338,809,,,,,,,,,,,,,,,,8,459,918,,,,,,
940,34015.0,6,441,689,,,,,,,8,339,814,,,,,,,,,,,,,,,,8,464,919,,,,,,
941,34047.5,7,437,691,,,,,,,8,341,819,,,,,,,,,,,,,,,,8,470,919,,,,,,
942,34082.9,6,433,692,,,,,,,8,342,824,,,,,,,,,,,,,,,,7,475,919,,,,,,
943,34116.7,6,430,694,,,,,,,8,343,830,,,,,,,,,,,,,,,,8,480,919,,,,,,
944,34148.7,6,426,695,,,,,,,8,345,834,,,,,,,,,,,,,,,,7,485,919,,,,,,
945,34183.3,6,422,698,,,,,,,8,347,840,,,,,,,,,,,,,,,,7,490,918,,,,,,
946,34215.1,7,419,700,,,,,,,8,349,845,,,,,,,,,,,,,,,,8,496,918,,,,,,
947,34250.4,6,415,702,,,,,,,7,351,850,,,,,,,,,,,,,,,,8,500,916,,,,,,
948,34283.0,6,411,705,,,,,,,8,353,855,,,,,,,,,,,,,,,,7,505,916,,,,,,
949,34315.2,6,408,708,,,,,,,8,356,860,,,,,,,,,,,,,,,,8,509,915,,,,,,
950,34346.9,6,404,711,,,,,,,8,358,864,,,,,,,,,,,,,,,,7,514,913,,,,,,
951,34382.9,6,401,713,,,,,,,8,360,869,,,,,,,,,,,,,,,,7,518,912,,,,,,
952,34416.7,6,398,717,,,,,,,8,363,874,,,,,,,,,,,,,,,,7,523,910,,,,,,
953,34447.4,6,395,720,,,,,,,8,366,878,,,,,,,,,,,,,,,,8,527,909,,,,,,
954,34482.8,6,392,724,,,,,,,8,369,883,,,,,,,,,,,,,,,,7,531,907,,,,,,
955,34515.1,6,389,727,,,,,,,8,373,887,,,,,,,,,,,,,,,,8,535,905,,,,,,
956,34547.1,6,385,731,,,,,,,8,376,891,,,,,,,,,,,,,,,,8,539,903,,,,,,
957,34582.6,6,383,735,,,,,,,7,379,895,,,,,,,,,,,,,,,,8,542,901,,,,,,
958,34615.4,7,380,739,,,,,,,8,383,900,,,,,,,,,,,,,,,,8,546,898,,,,,,
959,34647.9,6,378,743,,,,,,,8,386,904,,,,,,,,,,,,,,,,8,549,895,,,,,,
960,34684.2,6,375,748,,,,,,,8,390,907,,,,,,,,,,,,,,,,8,553,893,,,,,,
961,34715.6,6,373,752,,,,,,,7,394,911,,,,,,,,,,,,,,,,8,556,890,,,,,,
962,34747.9,6,370,756,,,,,,,8,397,915,,,,,,,,,,,,,,,,8,559,888,,,,,,
963,34783.9,6,368,761,,,,,,,8,401,918,,,,,,,,,,,,,,,,8,562,885,,,,,,
964,34815.2,6,366,765,,,,,,,8,406,922,,,,,,,,,,,,,,,,8,564,882,,,,,,
965,34851.1,6,364,770,,,,,,,8,410,925,,,,,,,,,,,,,,,,8,566,878,,,,,,
966,34884.7,6,362,775,,,,,,,8,413,927,,,,,,,,,,,,,,,,8,569,875,,,,,,
967,34916.9,6,360,780,,,,,,,8,418,931,,,,,,,,,,,,,,,,8,571,872,,,,,,
968,34948.7,6,359,786,,,,,,,8,422,933,,,,,,,,,,,,,,,,8,572,869,,,,,,
969,34983.1,6,357,790,,,,,,,8,426,936,,,,,,,,,,,,,,,,8,574,865,,,,,,
970,35014.9,6,356,796,,,,,,,8,431,938,,,,,,,,,,,,,,,,8,576,862,,,,,,
971,35047.4,6,355,801,,,,,,,8,435,941,,,,,,,,,,,,,,,,8,577,859,,,,,,
972,35083.0,6,354,806,,,,,,,8,439,943,,,,,,,,,,,,,,,,8,577,855,,,,,,
973,35115.2,7,353,812,,,,,,,8,444,945,,,,,,,,,,,,,,,,8,579,852,,,,,,
974,35147.2,6,352,817,,,,,,,8,448,946,,,,,,,,,,,,,,,,8,579,848,,,,,,
975,35182.8,6,352,823,,,,,,,8,453,948,,,,,,,,,,,,,,,,8,580,844,,,,,,
976,35217.1,6,351,828,,,,,,,8,457,949,,,,,,,,,,,,,,,,8,580,841,,,,,,
977,35247.4,6,351,834,,,,,,,8,462,951,,,,,,,,,,,,,,,,7,580,838,,,,,,
978,35282.8,7,351,839,,,,,,,8,465,952,,,,,,,,,,,,,,,,8,580,834,,,,,,
979,35315.4,7,351,844,,,,,,,7,470,953,,,,,,,,,,,,,,,,8,579,830,,,,,,
980,35347.2,6,351,850,,,,,,,8,474,954,,,,,,,,,,,,,,,,8,579,827,,,,,,
981,35384.9,6,351,855,,,,,,,8,478,954,,,,,,,,,,,,,,,,8,578,823,,,,,,
982,35415.4,6,352,861,,,,,,,8,482,955,,,,,,,,,,,,,,,,7,577,820,,,,,,
983,35447.4,6,353,866,,,,,,,8,487,954,,,,,,,,,,,,,,,,8,576,817,,,,,,
984,35483.1,7,353,872,,,,,,,8,491,955,,,,,,,,,,,,,,,,8,574,814,,,,,,
985,35521.8,7,354,877,,,,,,,8,495,955,,,,,,,,,,,,,,,,7,573,810,,,,,,
986,35548.3,7,355,883,,,,,,,8,498,955,,,,,,,,,,,,,,,,7,571,807,,,,,,
987,35582.7,6,356,888,,,,,,,8,503,955,,,,,,,,,,,,,,,,7,569,804,,,,,,
988,35614.7,6,357,893,,,,,,,8,506,954,,,,,,,,,,,,,,,,8,567,801,,,,,,
989,35647.0,7,359,898,,,,,,,8,510,953,,,,,,,,,,,,,,,,8,564,798,,,,,,
990,35714.7,7,361,909,,,,,,,8,517,951,,,,,,,,,,,,,,,,8,559,792,,,,,,
991,35747.4,6,363,913,,,,,,,8,520,951,,,,,,,,,,,,,,,,7,556,790,,,,,,
992,35785.5,7,365,918,,,,,,,8,522,950,,,,,,,,,,,,,,,,7,553,787,,,,,,
993,35846.8,7,369,928,,,,,,,8,528,947,,,,,,,,,,,,,,,,7,546,782,,,,,,
994,35884.5,7,371,933,,,,,,,8,531,945,,,,,,,,,,,,,,,,7,543,780,,,,,,
995,35915.1,6,373,937,,,,,,,8,534,944,,,,,,,,,,,,,,,,8,539,778,,,,,,
996,35948.7,7,375,941,,,,,,,8,536,942,,,,,,,,,,,,,,,,7,535,776,,,,,,
997,35983.0,7,378,946,,,,,,,8,538,940,,,,,,,,,,,,,,,,7,531,775,,,,,,
998,36015.2,7,380,950,,,,,,,8,540,938,,,,,,,,,,,,,,,,8,527,772,,,,,,
999,36047.2,6,383,954,,,,,,,8,542,936,,,,,,,,,,,,,,,,7,523,771,,,,,,
1000,36083.1,7,385,958,,,,,,,8,544,933,,,,,,,,,,,,,,,,7,518,769,,,,,,
1001,36115.0,7,389,961,,,,,,,8,546,931,,,,,,,,,,,,,,,,8,513,768,,,,,,
1002,36147.1,7,392,965,,,,,,,8,548,926,,,,,,,,,,,,,,,,7,507,766,,,,,,
1003,36183.2,7,397,968,,,,,,,8,551,919,,,,,,,,,,,,,,,,7,500,762,,,,,,
1004,36215.2,7,403,970,,,,,,,8,553,913,,,,,,,,,,,,,,,,7,492,758,,,,,,
1005,36247.5,7,409,973,,,,,,,8,555,905,,,,,,,,,,,,,,,,7,485,755,,,,,,
1006,36283.1,6,414,975,,,,,,,8,556,898,,,,,,,,,,,,,,,,7,477,752,,,,,,
1007,36315.3,7,420,976,,,,,,,8,557,890,,,,,,,,,,,,,,,,7,469,750,,,,,,
1008,36347.3,7,426,977,,,,,,,8,557,883,,,,,,,,,,,,,,,,7,461,748,,,,,,
1009,36383.6,6,432,977,,,,,,,8,556,876,,,,,,,,,,,,,,,,7,453,747,,,,,,
1010,36415.5,7,438,978,,,,,,,7,556,868,,,,,,,,,,,,,,,,7,444,747,,,,,,
1011,36448.7,7,444,977,,,,,,,8,555,860,,,,,,,,,,,,,,,,7,436,746,,,,,,
1012,36514.6,7,455,975,,,,,,,8,551,845,,,,,,,,,,,,,,,,7,419,747,,,,,,
1013,36547.0,7,461,974,,,,,,,8,548,838,,,,,,,,,,,,,,,,7,411,748,,,,,,
1014,36583.3,7,466,972,,,,,,,8,545,830,,,,,,,,,,,,,,,,7,403,749,,,,,,
1015,36614.8,7,472,970,,,,,,,8,541,823,,,,,,,,,,,,,,,,7,394,751,,,,,,
1016,36646.9,7,477,967,,,,,,,8,538,816,,,,,,,,,,,,,,,,7,386,754,,,,,,
1017,36682.7,6,481,963,,,,,,,8,533,809,,,,,,,,,,,,,,,,7,378,757,,,,,,
1018,36715.0,7,486,960,,,,,,,7,528,803,,,,,,,,,,,,,,,,7,371,760,,,,,,
1019,36748.8,7,491,956,,,,,,,7,523,796,,,,,,,,,,,,,,,,7,363,764,,,,,,
1020,36782.8,7,495,952,,,,,,,7,517,791,,,,,,,,,,,,,,,,7,356,768,,,,,,
1021,36818.8,7,499,947,,,,,,,8,511,785,,,,,,,,,,,,,,,,7,349,772,,,,,,
1022,36848.3,6,502,942,,,,,,,8,505,779,,,,,,,,,,,,,,,,7,342,777,,,,,,
1023,36883.2,7,505,937,,,,,,,8,498,774,,,,,,,,,,,,,,,,7,335,782,,,,,,
1024,36915.4,7,508,932,,,,,,,7,491,770,,,,,,,,,,,,,,,,7,329,788,,,,,,
1025,36947.7,6,511,926,,,,,,,7,484,765,,,,,,,,,,,,,,,,7,323,793,,,,,,
1026,37014.7,7,514,914,,,,,,,7,468,757,,,,,,,,,,,,,,,,7,312,805,,,,,,
1027,37047.0,7,516,907,,,,,,,8,460,754,,,,,,,,,,,,,,,,7,307,812,,,,,,
1028,37083.0,7,516,901,,,,,,,8,452,752,,,,,,,,,,,,,,,,7,302,818,,,,,,
1029,37115.0,7,517,894,,,,,,,7,443,749,,,,,,,,,,,,,,,,7,298,825,,,,,,
1030,37147.4,6,516,887,,,,,,,8,434,747,,,,,,,,,,,,,,,,7,294,832,,,,,,
1031,37182.8,7,516,881,,,,,,,8,426,746,,,,,,,,,,,,,,,,7,291,839,,,,,,
1032,37215.2,7,515,874,,,,,,,7,417,745,,,,,,,,,,,,,,,,7,288,846,,,,,,
1033,37247.3,7,513,867,,,,,,,8,408,744,,,,,,,,,,,,,,,,7,285,853,,,,,,
1034,37283.6,7,511,860,,,,,,,8,399,745,,,,,,,,,,,,,,,,7,283,860,,,,,,
1035,37315.4,7,509,853,,,,,,,7,390,746,,,,,,,,,,,,,,,,7,281,868,,,,,,
1036,37347.1,7,506,846,,,,,,,7,380,746,,,,,,,,,,,,,,,,7,279,875,,,,,,
1037,37383.9,6,503,840,,,,,,,8,372,747,,,,,,,,,,,,,,,,7,278,882,,,,,,
1038,37415.4,7,499,833,,,,,,,8,362,749,,,,,,,,,,,,,,,,7,278,889,,,,,,
1039,37447.5,6,496,826,,,,,,,8,353,751,,,,,,,,,,,,,,,,7,278,896,,,,,,
1040,37483.0,6,491,820,,,,,,,8,344,754,,,,,,,,,,,,,,,,7,278,904,,,,,,
1041,37514.8,6,486,814,,,,,,,8,337,757,,,,,,,,,,,,,,,,7,278,910,,,,,,
1042,37547.1,6,481,809,,,,,,,8,327,761,,,,,,,,,,,,,,,,7,279,917,,,,,,
1043,37582.9,6,475,803,,,,,,,8,319,765,,,,,,,,,,,,,,,,7,280,923,,,,,,
1044,37615.1,6,469,797,,,,,,,7,312,769,,,,,,,,,,,,,,,,7,282,930,,,,,,
1045,37647.3,6,463,793,,,,,,,8,304,774,,,,,,,,,,,,,,,,7,284,936,,,,,,
1046,37683.1,6,456,788,,,,,,,8,296,778,,,,,,,,,,,,,,,,8,286,941,,,,,,
1047,37715.2,6,452,779,,,,,,,8,292,775,,,,,,,,,,,,,,,,8,287,940,,,,,,
1048,37747.2,6,451,769,,,,,,,8,290,769,,,,,,,,,,,,,,,,7,290,934,,,,,,
1049,37782.8,6,449,757,,,,,,,7,289,762,,,,,,,,,,,,,,,,7,293,927,,,,,,
1050,37815.4,6,447,744,,,,,,,8,287,754,,,,,,,,,,,,,,,,7,296,919,,,,,,
1051,37847.2,6,445,732,,,,,,,7,286,747,,,,,,,,,,,,,,,,7,300,911,,,,,,
1052,37882.9,6,444,720,,,,,,,8,285,740,,,,,,,,,,,,,,,,7,303,903,,,,,,
1053,37915.3,6,442,707,,,,,,,8,283,732,,,,,,,,,,,,,,,,7,306,895,,,,,,
1054,37949.1,6,440,696,,,,,,,8,282,725,,,,,,,,,,,,,,,,7,310,887,,,,,,
1055,37983.0,6,438,684,,,,,,,8,281,718,,,,,,,,,,,,,,,,7,314,879,,,,,,
1056,38014.9,6,435,672,,,,,,,8,280,711,,,,,,,,,,,,,,,,7,317,871,,,,,,
1057,38047.1,6,433,661,,,,,,,8,278,704,,,,,,,,,,,,,,,,7,321,863,,,,,,
1058,38083.0,6,431,649,,,,,,,7,278,698,,,,,,,,,,,,,,,,7,325,855,,,,,,
1059,38116.9,6,428,638,,,,,,,8,277,690,,,,,,,,,,,,,,,,7,329,847,,,,,,
1060,38147.4,6,426,626,,,,,,,8,276,684,,,,,,,,,,,,,,,,7,332,838,,,,,,
1061,38182.9,6,423,615,,,,,,,8,275,677,,,,,,,,,,,,,,,,8,337,830,,,,,,
1062,38215.0,6,421,604,,,,,,,8,275,671,,,,,,,,,,,,,,,,7,340,821,,,,,,
1063,38247.3,6,418,593,,,,,,,7,274,664,,,,,,,,,,,,,,,,7,344,812,,,,,,
1064,38282.7,6,415,582,,,,,,,8,274,657,,,,,,,,,,,,,,,,7,348,803,,,,,,
1065,38316.7,6,413,572,,,,,,,8,273,651,,,,,,,,,,,,,,,,7,352,795,,,,,,
1066,38382.6,6,407,551,,,,,,,8,272,638,,,,,,,,,,,,,,,,7,360,776,,,,,,
1067,38415.0,6,404,540,,,,,,,8,272,632,,,,,,,,,,,,,,,,7,364,767,,,,,,
1068,38452.6,6,402,530,,,,,,,8,272,625,,,,,,,,,,,,,,,,7,367,757,,,,,,
1069,38483.0,6,398,520,,,,,,,8,272,619,,,,,,,,,,,,,,,,7,371,748,,,,,,
1070,38515.3,6,396,510,,,,,,,8,272,613,,,,,,,,,,,,,,,,7,375,739,,,,,,
1071,38547.2,6,392,499,,,,,,,9,272,606,,,,,,,,,,,,,,,,7,379,729,,,,,,
1072,38584.8,6,390,490,,,,,,,8,273,600,,,,,,,,,,,,,,,,7,383,719,,,,,,
1073,38616.7,6,386,480,,,,,,,8,273,593,,,,,,,,,,,,,,,,7,387,710,,,,,,
1074,38647.3,6,383,470,,,,,,,7,273,587,,,,,,,,,,,,,,,,7,391,700,,,,,,
1075,38715.1,6,378,451,,,,,,,8,275,573,,,,,,,,,,,,,,,,7,398,680,,,,,,
1076,38747.2,6,374,441,,,,,,,8,275,567,,,,,,,,,,,,,,,,7,402,669,,,,,,
1077,38783.1,6,371,432,,,,,,,8,276,561,,,,,,,,,,,,,,,,7,406,659,,,,,,
1078,38815.1,6,368,423,,,,,,,8,276,554,,,,,,,,,,,,,,,,7,409,648,,,,,,
1079,38847.0,6,365,414,,,,,,,8,277,548,,,,,,,,,,,,,,,,7,413,638,,,,,,
1080,38884.7,6,362,404,,,,,,,8,278,541,,,,,,,,,,,,,,,,7,416,628,,,,,,
1081,38915.0,6,359,395,,,,,,,8,279,535,,,,,,,,,,,,,,,,7,420,617,,,,,,
1082,38948.2,6,355,386,,,,,,,8,280,527,,,,,,,,,,,,,,,,7,424,606,,,,,,
1083,38983.0,6,353,378,,,,,,,8,281,521,,,,,,,,,,,,,,,,7,427,595,,,,,,
1084,39014.9,6,349,368,,,,,,,8,283,515,,,,,,,,,,,,,,,,7,430,584,,,,,,
1085,39047.2,6,347,360,,,,,,,8,284,508,,,,,,,,,,,,,,,,7,433,573,,,,,,
1086,39083.1,6,343,351,,,,,,,8,285,501,,,,,,,,,,,,,,,,7,437,562,,,,,,
1087,39146.8,6,337,334,,,,,,,8,288,487,,,,,,,,,,,,,,,,7,443,539,,,,,,
1088,39214.8,7,331,316,,,,,,,8,291,473,,,,,,,,,,,,,,,,7,449,517,,,,,,
1089,39247.9,6,329,309,,,,,,,8,293,466,,,,,,,,,,,,,,,,7,452,505,,,,,,
1090,39282.8,6,326,300,,,,,,,8,295,459,,,,,,,,,,,,,,,,7,455,493,,,,,,
1091,39315.0,7,323,292,,,,,,,8,297,453,,,,,,,,,,,,,,,,7,457,481,,,,,,
1092,39347.3,7,320,284,,,,,,,8,299,445,,,,,,,,,,,,,,,,7,460,469,,,,,,
1093,39382.9,7,318,276,,,,,,,8,300,438,,,,,,,,,,,,,,,,7,463,458,,,,,,
1094,39415.0,7,314,268,,,,,,,8,302,430,,,,,,,,,,,,,,,,7,465,446,,,,,,
1095,39447.6,7,312,260,,,,,,,8,304,423,,,,,,,,,,,,,,,,7,467,434,,,,,,
1096,39483.0,7,309,252,,,,,,,8,307,416,,,,,,,,,,,,,,,,7,470,422,,,,,,
1097,39546.7,7,304,237,,,,,,,8,311,400,,,,,,,,,,,,,,,,7,474,397,,,,,,
1098,39582.7,7,301,229,,,,,,,8,312,393,,,,,,,,,,,,,,,,7,476,385,,,,,,
1099,39615.2,7,299,221,,,,,,,8,314,386,,,,,,,,,,,,,,,,7,478,372,,,,,,
1100,39647.4,7,296,214,,,,,,,8,317,377,,,,,,,,,,,,,,,,7,479,360,,,,,,
1101,39746.9,7,289,192,,,,,,,8,324,354,,,,,,,,,,,,,,,,7,484,322,,,,,,
1102,39784.7,7,287,184,,,,,,,8,326,346,,,,,,,,,,,,,,,,7,485,310,,,,,,
1103,39819.4,7,285,177,,,,,,,8,328,338,,,,,,,,,,,,,,,,8,486,297,,,,,,
1104,39850.5,7,283,170,,,,,,,8,330,330,,,,,,,,,,,,,,,,7,488,284,,,,,,
1105,39883.0,7,281,164,,,,,,,8,332,321,,,,,,,,,,,,,,,,7,488,271,,,,,,
1106,39915.1,7,278,156,,,,,,,8,335,313,,,,,,,,,,,,,,,,8,489,258,,,,,,
1107,39947.1,7,276,150,,,,,,,8,337,305,,,,,,,,,,,,,,,,8,490,245,,,,,,
1108,39982.8,7,274,143,,,,,,,8,339,296,,,,,,,,,,,,,,,,7,491,232,,,,,,
1109,40015.2,7,272,136,,,,,,,8,342,288,,,,,,,,,,,,,,,,8,491,219,,,,,,
1110,40046.9,7,270,129,,,,,,,8,344,280,,,,,,,,,,,,,,,,7,492,206,,,,,,
1111,40084.2,7,269,123,,,,,,,8,346,271,,,,,,,,,,,,,,,,7,492,193,,,,,,
1112,40115.3,7,267,116,,,,,,,8,348,262,,,,,,,,,,,,,,,,8,492,180,,,,,,
1113,40147.0,7,265,110,,,,,,,8,351,254,,,,,,,,,,,,,,,,8,492,168,,,,,,
1114,40182.8,7,265,109,,,,,,,8,348,254,,,,,,,,,,,,,,,,8,490,171,,,,,,
1115,40215.5,7,264,108,,,,,,,8,344,255,,,,,,,,,,,,,,,,8,488,175,,,,,,
1116,40249.6,7,264,107,,,,,,,8,341,256,,,,,,,,,,,,,,,,8,487,179,,,,,,
1117,40284.0,7,264,106,,,,,,,8,337,256,,,,,,,,,,,,,,,,8,485,183,,,,,,
1118,40314.8,7,263,106,,,,,,,8,333,257,,,,,,,,,,,,,,,,8,482,187,,,,,,
1119,40347.0,7,263,105,,,,,,,8,330,258,,,,,,,,,,,,,,,,8,481,192,,,,,,
1120,40382.7,7,262,105,,,,,,,8,326,259,,,,,,,,,,,,,,,,8,478,196,,,,,,
1121,40414.9,7,262,104,,,,,,,8,323,259,,,,,,,,,,,,,,,,8,476,200,,,,,,
1122,40447.1,7,262,103,,,,,,,8,319,260,,,,,,,,,,,,,,,,8,474,204,,,,,,
1123,40482.9,7,261,103,,,,,,,8,316,261,,,,,,,,,,,,,,,,8,472,208,,,,,,
1124,40515.0,7,261,103,,,,,,,8,312,262,,,,,,,,,,,,,,,,8,469,213,,,,,,
1125,40547.0,7,260,103,,,,,,,8,308,262,,,,,,,,,,,,,,,,8,466,217,,,,,,
1126,40614.8,7,260,102,,,,,,,8,301,264,,,,,,,,,,,,,,,,8,461,225,,,,,,
1127,40646.9,7,260,103,,,,,,,8,297,265,,,,,,,,,,,,,,,,8,458,230,,,,,,
1128,40683.6,7,260,103,,,,,,,8,294,265,,,,,,,,,,,,,,,,8,455,234,,,,,,
1129,40716.4,7,260,103,,,,,,,8,290,266,,,,,,,,,,,,,,,,8,452,238,,,,,,
1130,40750.4,7,259,103,,,,,,,8,287,267,,,,,,,,,,,,,,,,8,449,243,,,,,,
1131,40814.6,7,259,103,,,,,,,8,279,269,,,,,,,,,,,,,,,,8,443,251,,,,,,
1132,40847.2,7,259,104,,,,,,,8,276,270,,,,,,,,,,,,,,,,8,440,256,,,,,,
1133,40882.8,7,258,105,,,,,,,8,272,270,,,,,,,,,,,,,,,,8,437,260,,,,,,
1134,40915.5,7,258,105,,,,,,,8,269,271,,,,,,,,,,,,,,,,8,433,264,,,,,,
1135,40982.7,7,258,107,,,,,,,8,261,272,,,,,,,,,,,,,,,,8,426,273,,,,,,
1136,41015.0,7,258,108,,,,,,,8,258,273,,,,,,,,,,,,,,,,8,423,277,,,,,,
1137,41052.7,7,258,109,,,,,,,8,254,274,,,,,,,,,,,,,,,,8,419,281,,,,,,
1138,41083.1,7,258,109,,,,,,,8,251,274,,,,,,,,,,,,,,,,8,415,286,,,,,,
1139,41115.2,7,258,110,,,,,,,8,247,275,,,,,,,,,,,,,,,,8,412,290,,,,,,
1140,41147.2,7,258,112,,,,,,,8,244,276,,,,,,,,,,,,,,,,8,408,294,,,,,,
1141,41183.2,7,258,113,,,,,,,8,241,278,,,,,,,,,,,,,,,,8,404,298,,,,,,
1142,41215.0,7,257,114,,,,,,,8,237,278,,,,,,,,,,,,,,,,8,401,303,,,,,,
1143,41247.2,7,257,116,,,,,,,8,234,279,,,,,,,,,,,,,,,,8,397,307,,,,,,
1144,41283.1,7,257,117,,,,,,,8,230,280,,,,,,,,,,,,,,,,8,393,311,,,,,,
1145,41315.2,7,257,118,,,,,,,8,227,280,,,,,,,,,,,,,,,,8,389,315,,,,,,
1146,41347.6,7,257,120,,,,,,,8,223,281,,,,,,,,,,,,,,,,8,385,319,,,,,,
1147,41383.0,7,257,122,,,,,,,8,220,282,,,,,,,,,,,,,,,,8,380,324,,,,,,
1148,41416.7,7,257,124,,,,,,,8,216,283,,,,,,,,,,,,,,,,8,376,328,,,,,,
1149,41447.1,7,257,126,,,,,,,8,213,284,,,,,,,,,,,,,,,,8,372,332,,,,,,
1150,41482.7,7,257,127,,,,,,,8,209,285,,,,,,,,,,,,,,,,8,367,336,,,,,,
1151,41515.1,7,257,130,,,,,,,8,206,286,,,,,,,,,,,,,,,,7,363,340,,,,,,
1152,41549.0,7,256,132,,,,,,,8,203,286,,,,,,,,,,,,,,,,8,359,344,,,,,,
1153,41583.0,7,257,134,,,,,,,8,199,287,,,,,,,,,,,,,,,,8,354,348,,,,,,
1154,41615.0,7,256,136,,,,,,,8,196,288,,,,,,,,,,,,,,,,8,349,353,,,,,,
1155,41647.3,7,256,139,,,,,,,9,193,289,,,,,,,,,,,,,,,,8,345,357,,,,,,
1156,41682.8,7,256,141,,,,,,,8,190,290,,,,,,,,,,,,,,,,8,340,361,,,,,,
1157,41746.9,7,255,146,,,,,,,8,183,292,,,,,,,,,,,,,,,,8,331,369,,,,,,
1158,41782.9,7,255,149,,,,,,,8,180,293,,,,,,,,,,,,,,,,7,326,373,,,,,,
1159,41815.3,7,255,151,,,,,,,8,177,294,,,,,,,,,,,,,,,,8,321,376,,,,,,
1160,41850.0,7,255,154,,,,,,,8,173,295,,,,,,,,,,,,,,,,8,317,380,,,,,,
1161,41883.2,7,254,157,,,,,,,8,170,295,,,,,,,,,,,,,,,,7,312,384,,,,,,
1162,41915.1,7,254,160,,,,,,,8,167,296,,,,,,,,,,,,,,,,8,307,388,,,,,,
1163,41946.9,7,254,163,,,,,,,8,164,298,,,,,,,,,,,,,,,,8,302,392,,,,,,
1164,41982.7,7,254,166,,,,,,,8,161,298,,,,,,,,,,,,,,,,8,297,396,,,,,,
1165,42015.0,7,254,169,,,,,,,9,158,300,,,,,,,,,,,,,,,,7,292,400,,,,,,
1166,42046.9,7,253,172,,,,,,,8,155,301,,,,,,,,,,,,,,,,8,287,403,,,,,,
1167,42114.8,7,253,179,,,,,,,8,150,303,,,,,,,,,,,,,,,,8,277,410,,,,,,
1168,42146.9,7,252,182,,,,,,,8,146,304,,,,,,,,,,,,,,,,8,271,414,,,,,,
1169,42182.7,7,252,185,,,,,,,8,143,305,,,,,,,,,,,,,,,,8,266,418,,,,,,
1170,42215.1,7,252,189,,,,,,,8,140,306,,,,,,,,,,,,,,,,7,261,421,,,,,,
1171,42247.0,7,251,193,,,,,,,8,137,307,,,,,,,,,,,,,,,,7,256,425,,,,,,
1172,42282.9,7,251,196,,,,,,,8,135,309,,,,,,,,,,,,,,,,8,251,429,,,,,,
1173,42315.2,7,251,200,,,,,,,8,132,310,,,,,,,,,,,,,,,,8,246,432,,,,,,
1174,42347.0,7,250,204,,,,,,,8,129,311,,,,,,,,,,,,,,,,8,240,435,,,,,,
1175,42383.1,7,250,208,,,,,,,8,127,312,,,,,,,,,,,,,,,,7,235,439,,,,,,
1176,42415.3,7,249,212,,,,,,,8,124,313,,,,,,,,,,,,,,,,8,230,442,,,,,,
1177,42447.3,7,248,216,,,,,,,8,121,315,,,,,,,,,,,,,,,,7,225,446,,,,,,
1178,42483.5,7,248,220,,,,,,,8,119,316,,,,,,,,,,,,,,,,8,219,449,,,,,,
1179,42515.9,7,247,224,,,,,,,8,117,318,,,,,,,,,,,,,,,,8,214,452,,,,,,
1180,42547.8,7,247,228,,,,,,,8,114,319,,,,,,,,,,,,,,,,7,209,456,,,,,,
1181,42584.7,7,247,232,,,,,,,8,111,320,,,,,,,,,,,,,,,,7,203,459,,,,,,
1182,42616.4,7,246,237,,,,,,,8,109,323,,,,,,,,,,,,,,,,8,198,462,,,,,,
1183,42647.1,7,245,241,,,,,,,8,106,323,,,,,,,,,,,,,,,,8,193,465,,,,,,
1184,42682.9,7,245,245,,,,,,,8,104,325,,,,,,,,,,,,,,,,8,187,469,,,,,,
1185,42715.2,7,244,250,,,,,,,8,102,327,,,,,,,,,,,,,,,,8,182,472,,,,,,
1186,42747.3,7,243,255,,,,,,,8,100,329,,,,,,,,,,,,,,,,8,177,475,,,,,,
1187,42783.0,7,242,259,,,,,,,8,97,329,,,,,,,,,,,,,,,,7,172,478,,,,,,
1188,42815.2,7,242,264,,,,,,,8,95,331,,,,,,,,,,,,,,,,8,167,481,,,,,,
1189,42849.1,7,241,268,,,,,,,8,93,333,,,,,,,,,,,,,,,,8,161,483,,,,,,
1190,42884.0,7,240,273,,,,,,,8,90,334,,,,,,,,,,,,,,,,8,156,486,,,,,,
1191,42915.3,7,239,278,,,,,,,8,88,336,,,,,,,,,,,,,,,,8,150,489,,,,,,
1192,42947.2,7,238,283,,,,,,,8,86,338,,,,,,,,,,,,,,,,8,145,492,,,,,,
1193,42989.2,7,238,288,,,,,,,8,84,340,,,,,,,,,,,,,,,,8,140,495,,,,,,
1194,43015.3,7,236,293,,,,,,,8,82,342,,,,,,,,,,,,,,,,8,135,498,,,,,,
1195,43048.7,7,235,298,,,,,,,8,80,343,,,,,,,,,,,,,,,,8,130,501,,,,,,
1196,43083.2,7,234,302,,,,,,,8,78,345,,,,,,,,,,,,,,,,8,125,503,,,,,,
1197,43115.4,7,234,308,,,,,,,8,76,347,,,,,,,,,,,,,,,,8,120,506,,,,,,
1198,43147.1,7,232,313,,,,,,,8,74,349,,,,,,,,,,,,,,,,8,115,509,,,,,,
1199,43183.1,7,231,318,,,,,,,8,72,351,,,,,,,,,,,,,,,,8,109,511,,,,,,
1200,43215.0,7,230,323,,,,,,,8,71,352,,,,,,,,,,,,,,,,8,104,514,,,,,,
1201,43247.2,7,229,328,,,,,,,8,69,355,,,,,,,,,,,,,,,,7,99,517,,,,,,
1202,43283.1,7,228,333,,,,,,,8,67,357,,,,,,,,,,,,,,,,7,94,519,,,,,,
1203,43315.3,7,227,339,,,,,,,8,66,358,,,,,,,,,,,,,,,,7,89,522,,,,,,
1204,43347.1,7,225,344,,,,,,,8,64,361,,,,,,,,,,,,,,,,8,84,524,,,,,,
1205,43414.8,7,223,355,,,,,,,8,61,365,,,,,,,,,,,,,,,,7,74,529,,,,,,
1206,43447.4,7,222,360,,,,,,,8,59,367,,,,,,,,,,,,,,,,7,69,531,,,,,,
1207,43482.8,7,220,365,,,,,,,8,57,370,,,,,,,,,,,,,,,,8,65,533,,,,,,
1208,43519.6,7,219,371,,,,,,,8,56,372,,,,,,,,,,,,,,,,7,60,536,,,,,,
1209,43548.7,7,218,373,,,,,,,8,55,376,,,,,,,,,,,,,,,,8,60,540,,,,,,
1210,43614.9,7,219,379,,,,,,,8,56,382,,,,,,,,,,,,,,,,8,62,547,,,,,,
1211,43647.0,7,219,381,,,,,,,8,57,386,,,,,,,,,,,,,,,,8,63,549,,,,,,
1212,43683.3,7,220,384,,,,,,,8,58,388,,,,,,,,,,,,,,,,8,64,553,,,,,,
1213,43716.7,7,221,387,,,,,,,8,59,391,,,,,,,,,,,,,,,,8,65,555,,,,,,
1214,43747.7,7,222,390,,,,,,,8,60,394,,,,,,,,,,,,,,,,8,66,558,,,,,,
1215,43783.3,7,223,393,,,,,,,8,61,398,,,,,,,,,,,,,,,,7,67,561,,,,,,
1216,43815.3,7,224,396,,,,,,,8,61,400,,,,,,,,,,,,,,,,8,68,564,,,,,,
1217,43848.7,7,224,399,,,,,,,8,62,403,,,,,,,,,,,,,,,,8,69,567,,,,,,
1218,43883.3,7,225,401,,,,,,,8,63,406,,,,,,,,,,,,,,,,8,70,570,,,,,,
1219,43914.9,7,226,404,,,,,,,8,64,409,,,,,,,,,,,,,,,,8,71,573,,,,,,
1220,43982.7,7,228,410,,,,,,,8,65,415,,,,,,,,,,,,,,,,8,72,579,,,,,,
1221,44015.4,7,229,413,,,,,,,8,66,418,,,,,,,,,,,,,,,,8,73,581,,,,,,
1222,44051.1,7,229,416,,,,,,,8,67,421,,,,,,,,,,,,,,,,7,74,584,,,,,,
1223,44083.4,7,230,419,,,,,,,8,68,424,,,,,,,,,,,,,,,,7,74,587,,,,,,
1224,44115.3,7,230,421,,,,,,,8,68,427,,,,,,,,,,,,,,,,8,75,590,,,,,,
1225,44147.2,7,232,424,,,,,,,8,69,430,,,,,,,,,,,,,,,,7,76,593,,,,,,
1226,44214.9,7,233,430,,,,,,,8,71,436,,,,,,,,,,,,,,,,7,78,599,,,,,,
1227,44247.3,7,234,433,,,,,,,8,71,439,,,,,,,,,,,,,,,,8,78,602,,,,,,
1228,44283.4,7,234,436,,,,,,,8,72,442,,,,,,,,,,,,,,,,8,79,605,,,,,,
1229,44316.8,7,235,439,,,,,,,8,73,444,,,,,,,,,,,,,,,,7,80,608,,,,,,
1230,44347.5,7,236,442,,,,,,,8,73,447,,,,,,,,,,,,,,,,7,81,611,,,,,,
1231,44383.2,7,236,445,,,,,,,8,74,451,,,,,,,,,,,,,,,,7,82,614,,,,,,
1232,44415.5,7,237,448,,,,,,,8,75,453,,,,,,,,,,,,,,,,8,83,617,,,,,,
1233,44448.0,7,238,450,,,,,,,8,76,456,,,,,,,,,,,,,,,,8,84,620,,,,,,
1234,44483.9,7,239,453,,,,,,,8,77,460,,,,,,,,,,,,,,,,7,84,622,,,,,,
1235,44516.8,7,240,456,,,,,,,8,77,462,,,,,,,,,,,,,,,,8,85,625,,,,,,
1236,44547.8,7,240,459,,,,,,,8,78,465,,,,,,,,,,,,,,,,8,86,628,,,,,,
1237,44614.7,7,242,465,,,,,,,8,80,471,,,,,,,,,,,,,,,,8,87,634,,,,,,
1238,44647.5,7,243,468,,,,,,,8,80,474,,,,,,,,,,,,,,,,8,88,637,,,,,,
1239,44683.1,7,243,470,,,,,,,8,81,477,,,,,,,,,,,,,,,,8,89,640,,,,,,
1240,44719.0,7,245,473,,,,,,,8,82,480,,,,,,,,,,,,,,,,7,90,643,,,,,,
1241,44747.8,7,245,477,,,,,,,8,83,483,,,,,,,,,,,,,,,,7,90,646,,,,,,
1242,44783.0,7,246,479,,,,,,,8,84,486,,,,,,,,,,,,,,,,7,91,649,,,,,,
1243,44815.3,7,246,482,,,,,,,8,84,489,,,,,,,,,,,,,,,,8,92,652,,,,,,
1244,44847.4,7,247,485,,,,,,,8,85,492,,,,,,,,,,,,,,,,8,92,655,,,,,,
1245,44883.0,7,247,488,,,,,,,8,85,495,,,,,,,,,,,,,,,,7,93,658,,,,,,
1246,44915.4,7,248,491,,,,,,,8,86,498,,,,,,,,,,,,,,,,8,94,661,,,,,,
1247,44947.8,7,249,494,,,,,,,8,87,500,,,,,,,,,,,,,,,,7,95,664,,,,,,
1248,44983.4,7,250,497,,,,,,,8,87,503,,,,,,,,,,,,,,,,8,95,666,,,,,,
1249,45015.0,7,250,500,,,,,,,8,88,506,,,,,,,,,,,,,,,,7,96,669,,,,,,
1250,45047.3,7,251,503,,,,,,,8,89,509,,,,,,,,,,,,,,,,8,96,672,,,,,,
1251,45083.2,7,252,505,,,,,,,8,90,512,,,,,,,,,,,,,,,,7,97,675,,,,,,
1252,45115.7,7,252,508,,,,,,,8,90,515,,,,,,,,,,,,,,,,8,97,678,,,,,,
1253,45147.2,7,253,511,,,,,,,8,90,518,,,,,,,,,,,,,,,,7,98,681,,,,,,
1254,45182.7,7,253,514,,,,,,,8,91,521,,,,,,,,,,,,,,,,7,99,684,,,,,,
1255,45215.6,7,254,517,,,,,,,8,92,524,,,,,,,,,,,,,,,,8,99,687,,,,,,
1256,45259.5,7,254,520,,,,,,,8,92,527,,,,,,,,,,,,,,,,8,100,690,,,,,,
1257,45283.0,6,255,523,,,,,,,8,93,530,,,,,,,,,,,,,,,,8,101,693,,,,,,
1258,45315.3,6,255,526,,,,,,,8,93,533,,,,,,,,,,,,,,,,7,101,695,,,,,,
1259,45382.7,7,257,531,,,,,,,8,95,539,,,,,,,,,,,,,,,,8,102,701,,,,,,
1260,45415.1,7,257,534,,,,,,,8,95,541,,,,,,,,,,,,,,,,8,103,704,,,,,,
1261,45482.8,7,258,540,,,,,,,8,97,547,,,,,,,,,,,,,,,,8,104,709,,,,,,
1262,45514.9,6,259,543,,,,,,,8,97,550,,,,,,,,,,,,,,,,8,104,712,,,,,,
1263,45547.2,6,259,546,,,,,,,8,98,552,,,,,,,,,,,,,,,,7,104,715,,,,,,
1264,45614.8,6,260,552,,,,,,,8,98,558,,,,,,,,,,,,,,,,7,105,721,,,,,,
1265,45647.5,6,260,555,,,,,,,8,98,561,,,,,,,,,,,,,,,,7,105,724,,,,,,
1266,45683.6,6,260,558,,,,,,,8,99,564,,,,,,,,,,,,,,,,7,106,727,,,,,,
1267,45746.9,6,261,563,,,,,,,8,99,570,,,,,,,,,,,,,,,,7,106,733,,,,,,
1268,45783.0,6,262,567,,,,,,,8,100,573,,,,,,,,,,,,,,,,8,107,736,,,,,,
1269,45816.8,6,262,570,,,,,,,8,100,576,,,,,,,,,,,,,,,,7,106,739,,,,,,
1270,45847.2,6,262,573,,,,,,,8,100,579,,,,,,,,,,,,,,,,7,107,742,,,,,,
1271,45885.2,6,262,576,,,,,,,8,100,582,,,,,,,,,,,,,,,,8,107,745,,,,,,
1272,45915.5,6,262,579,,,,,,,8,100,585,,,,,,,,,,,,,,,,8,107,748,,,,,,
1273,45947.5,7,263,582,,,,,,,8,101,588,,,,,,,,,,,,,,,,7,107,750,,,,,,
1274,45982.9,6,262,584,,,,,,,8,101,591,,,,,,,,,,,,,,,,7,107,753,,,,,,
1275,46015.1,7,263,588,,,,,,,8,101,594,,,,,,,,,,,,,,,,7,107,756,,,,,,
1276,46047.2,7,263,591,,,,,,,9,101,597,,,,,,,,,,,,,,,,7,107,759,,,,,,
1277,46083.5,6,262,594,,,,,,,8,101,600,,,,,,,,,,,,,,,,8,107,763,,,,,,
1278,46116.8,6,262,597,,,,,,,8,101,603,,,,,,,,,,,,,,,,7,106,765,,,,,,
1279,46148.7,6,262,600,,,,,,,8,100,606,,,,,,,,,,,,,,,,7,106,768,,,,,,
1280,46183.2,6,262,603,,,,,,,8,100,609,,,,,,,,,,,,,,,,7,106,771,,,,,,
1281,46215.0,6,262,606,,,,,,,8,100,612,,,,,,,,,,,,,,,,7,105,774,,,,,,
1282,46247.2,6,261,609,,,,,,,8,100,615,,,,,,,,,,,,,,,,7,105,777,,,,,,
1283,46283.2,6,261,612,,,,,,,8,99,617,,,,,,,,,,,,,,,,7,105,780,,,,,,
1284,46315.2,6,261,615,,,,,,,7,99,620,,,,,,,,,,,,,,,,7,105,783,,,,,,
1285,46347.7,7,260,619,,,,,,,8,99,623,,,,,,,,,,,,,,,,7,104,786,,,,,,
1286,46414.7,6,260,625,,,,,,,9,98,630,,,,,,,,,,,,,,,,7,103,793,,,,,,
1287,46447.1,6,259,628,,,,,,,9,98,633,,,,,,,,,,,,,,,,7,103,796,,,,,,
1288,46483.0,7,259,631,,,,,,,8,98,637,,,,,,,,,,,,,,,,7,103,799,,,,,,
1289,46546.9,6,258,638,,,,,,,8,97,642,,,,,,,,,,,,,,,,7,102,805,,,,,,
1290,46583.1,6,258,641,,,,,,,8,96,645,,,,,,,,,,,,,,,,8,101,808,,,,,,
1291,46615.3,6,258,644,,,,,,,8,96,648,,,,,,,,,,,,,,,,7,101,811,,,,,,
1292,46647.4,6,257,647,,,,,,,8,95,652,,,,,,,,,,,,,,,,7,100,814,,,,,,
1293,46682.9,6,257,651,,,,,,,8,95,654,,,,,,,,,,,,,,,,7,100,817,,,,,,
1294,46747.2,6,255,658,,,,,,,8,94,661,,,,,,,,,,,,,,,,7,98,824,,,,,,
1295,46782.8,6,255,661,,,,,,,8,93,665,,,,,,,,,,,,,,,,7,98,827,,,,,,
1296,46815.3,6,254,664,,,,,,,8,93,668,,,,,,,,,,,,,,,,7,97,831,,,,,,
1297,46847.2,6,254,668,,,,,,,8,93,672,,,,,,,,,,,,,,,,7,97,834,,,,,,
1298,46882.8,6,253,671,,,,,,,8,92,675,,,,,,,,,,,,,,,,8,96,837,,,,,,
1299,46915.1,6,253,675,,,,,,,8,92,677,,,,,,,,,,,,,,,,7,96,840,,,,,,
1300,46947.2,6,253,678,,,,,,,8,91,681,,,,,,,,,,,,,,,,7,95,844,,,,,,
1301,46982.8,6,252,681,,,,,,,8,91,685,,,,,,,,,,,,,,,,7,95,847,,,,,,
1302,47015.0,6,251,684,,,,,,,8,90,688,,,,,,,,,,,,,,,,7,94,850,,,,,,
1303,47048.9,6,251,688,,,,,,,8,90,692,,,,,,,,,,,,,,,,7,93,853,,,,,,
1304,47082.8,6,250,691,,,,,,,8,89,694,,,,,,,,,,,,,,,,7,93,857,,,,,,
1305,47116.1,6,249,695,,,,,,,8,89,699,,,,,,,,,,,,,,,,7,92,860,,,,,,
1306,47147.3,6,248,698,,,,,,,7,88,702,,,,,,,,,,,,,,,,8,91,864,,,,,,
1307,47183.2,6,248,702,,,,,,,8,87,705,,,,,,,,,,,,,,,,8,90,867,,,,,,
1308,47215.1,6,247,705,,,,,,,8,86,708,,,,,,,,,,,,,,,,8,90,870,,,,,,
1309,47247.2,6,246,709,,,,,,,8,85,711,,,,,,,,,,,,,,,,7,89,874,,,,,,
1310,47283.1,6,246,712,,,,,,,8,85,716,,,,,,,,,,,,,,,,8,89,877,,,,,,
1311,47315.0,6,245,716,,,,,,,8,84,719,,,,,,,,,,,,,,,,7,88,881,,,,,,
1312,47382.6,6,243,723,,,,,,,8,82,726,,,,,,,,,,,,,,,,7,86,888,,,,,,
1313,47415.1,6,242,727,,,,,,,7,82,729,,,,,,,,,,,,,,,,7,85,892,,,,,,
1314,47447.9,6,241,730,,,,,,,8,81,733,,,,,,,,,,,,,,,,7,85,895,,,,,,
1315,47482.9,6,241,734,,,,,,,8,80,737,,,,,,,,,,,,,,,,7,84,898,,,,,,
1316,47515.3,6,240,738,,,,,,,8,79,740,,,,,,,,,,,,,,,,7,83,902,,,,,,
1317,47547.7,6,239,741,,,,,,,8,78,744,,,,,,,,,,,,,,,,7,82,906,,,,,,
1318,47583.1,6,238,745,,,,,,,8,77,748,,,,,,,,,,,,,,,,8,81,909,,,,,,
1319,47615.5,6,237,749,,,,,,,8,77,751,,,,,,,,,,,,,,,,7,80,913,,,,,,
1320,47648.4,6,236,753,,,,,,,8,76,755,,,,,,,,,,,,,,,,7,80,916,,,,,,
1321,47683.7,6,235,757,,,,,,,8,75,758,,,,,,,,,,,,,,,,7,79,920,,,,,,
1322,47715.6,6,234,760,,,,,,,7,74,763,,,,,,,,,,,,,,,,7,78,924,,,,,,
1323,47747.3,6,234,764,,,,,,,8,74,766,,,,,,,,,,,,,,,,8,77,927,,,,,,
1324,47783.6,6,233,768,,,,,,,8,72,770,,,,,,,,,,,,,,,,7,76,931,,,,,,
1325,47816.7,6,231,772,,,,,,,8,71,774,,,,,,,,,,,,,,,,7,76,935,,,,,,
1326,47849.2,6,230,776,,,,,,,7,70,778,,,,,,,,,,,,,,,,7,75,939,,,,,,
1327,47883.0,6,229,779,,,,,,,8,69,781,,,,,,,,,,,,,,,,7,74,943,,,,,,
1328,47916.4,6,229,783,,,,,,,8,68,786,,,,,,,,,,,,,,,,7,73,946,,,,,,
1329,47947.2,6,227,787,,,,,,,8,67,790,,,,,,,,,,,,,,,,7,72,950,,,,,,
1330,47983.2,6,226,791,,,,,,,7,66,793,,,,,,,,,,,,,,,,7,71,954,,,,,,
1331,48015.3,6,226,795,,,,,,,8,66,798,,,,,,,,,,,,,,,,7,71,958,,,,,,
1332,48047.4,6,227,798,,,,,,,8,66,801,,,,,,,,,,,,,,,,7,72,962,,,,,,
1333,48082.9,6,227,802,,,,,,,8,67,804,,,,,,,,,,,,,,,,8,73,965,,,,,,
1334,48115.0,6,228,805,,,,,,,8,68,809,,,,,,,,,,,,,,,,7,74,969,,,,,,
1335,48147.1,6,228,808,,,,,,,8,69,812,,,,,,,,,,,,,,,,7,75,973,,,,,,
1336,48183.0,6,229,812,,,,,,,8,69,816,,,,,,,,,,,,,,,,7,76,976,,,,,,
1337,48215.2,6,229,815,,,,,,,8,70,819,,,,,,,,,,,,,,,,7,77,980,,,,,,
1338,48247.3,6,229,819,,,,,,,7,70,824,,,,,,,,,,,,,,,,7,78,984,,,,,,
1339,48283.3,7,230,823,,,,,,,8,71,828,,,,,,,,,,,,,,,,7,79,987,,,,,,
1340,48315.2,6,231,826,,,,,,,8,72,831,,,,,,,,,,,,,,,,7,80,991,,,,,,
1341,48347.7,6,235,828,,,,,,,8,76,828,,,,,,,,,,,,,,,,7,78,989,,,,,,
1342,48383.0,6,236,827,,,,,,,8,77,827,,,,,,,,,,,,,,,,7,80,987,,,,,,
1343,48414.8,6,238,826,,,,,,,8,79,825,,,,,,,,,,,,,,,,7,81,986,,,,,,
1344,48447.2,6,240,825,,,,,,,8,80,823,,,,,,,,,,,,,,,,7,82,984,,,,,,
1345,48482.9,7,241,823,,,,,,,8,82,822,,,,,,,,,,,,,,,,7,83,983,,,,,,
1346,48515.3,6,243,822,,,,,,,8,83,821,,,,,,,,,,,,,,,,7,84,981,,,,,,
1347,48547.2,6,245,821,,,,,,,8,85,819,,,,,,,,,,,,,,,,8,86,980,,,,,,
1348,48582.8,7,246,820,,,,,,,8,86,817,,,,,,,,,,,,,,,,7,87,979,,,,,,
1349,48619.0,6,248,819,,,,,,,8,88,816,,,,,,,,,,,,,,,,7,88,977,,,,,,
1350,48647.1,7,249,818,,,,,,,8,90,815,,,,,,,,,,,,,,,,8,90,976,,,,,,
1351,48683.1,7,251,817,,,,,,,7,91,814,,,,,,,,,,,,,,,,8,90,975,,,,,,
1352,48715.4,7,252,816,,,,,,,8,93,813,,,,,,,,,,,,,,,,8,92,973,,,,,,
1353,48747.0,7,254,814,,,,,,,8,94,811,,,,,,,,,,,,,,,,7,93,972,,,,,,
1354,48783.0,6,255,814,,,,,,,8,96,810,,,,,,,,,,,,,,,,7,94,971,,,,,,
1355,48815.7,7,257,813,,,,,,,8,98,808,,,,,,,,,,,,,,,,7,95,970,,,,,,
1356,48847.8,6,258,812,,,,,,,8,98,807,,,,,,,,,,,,,,,,7,96,968,,,,,,
1357,48882.9,6,260,811,,,,,,,8,100,806,,,,,,,,,,,,,,,,7,97,967,,,,,,
1358,48915.8,6,261,810,,,,,,,8,101,804,,,,,,,,,,,,,,,,7,98,966,,,,,,
1359,48947.2,7,263,809,,,,,,,7,103,804,,,,,,,,,,,,,,,,7,99,964,,,,,,
1360,48982.9,6,264,808,,,,,,,8,104,802,,,,,,,,,,,,,,,,7,100,963,,,,,,
1361,49015.1,7,265,807,,,,,,,8,105,801,,,,,,,,,,,,,,,,7,102,962,,,,,,
1362,49047.6,6,267,806,,,,,,,8,107,800,,,,,,,,,,,,,,,,7,102,961,,,,,,
1363,49084.2,7,269,805,,,,,,,8,109,798,,,,,,,,,,,,,,,,7,103,960,,,,,,
1364,49116.4,6,270,805,,,,,,,8,110,798,,,,,,,,,,,,,,,,7,104,959,,,,,,
1365,49159.0,6,271,804,,,,,,,8,111,797,,,,,,,,,,,,,,,,7,105,958,,,,,,
1366,49190.7,6,272,803,,,,,,,8,112,795,,,,,,,,,,,,,,,,7,107,957,,,,,,
1367,49215.1,6,274,802,,,,,,,8,114,794,,,,,,,,,,,,,,,,7,107,956,,,,,,
1368,49247.2,7,275,801,,,,,,,8,115,794,,,,,,,,,,,,,,,,7,108,955,,,,,,
1369,49283.0,6,276,800,,,,,,,8,116,792,,,,,,,,,,,,,,,,8,109,954,,,,,,
1370,49315.0,7,277,800,,,,,,,8,117,791,,,,,,,,,,,,,,,,7,110,953,,,,,,
1371,49347.5,7,278,799,,,,,,,8,118,790,,,,,,,,,,,,,,,,7,110,952,,,,,,
1372,49383.1,6,280,799,,,,,,,8,119,790,,,,,,,,,,,,,,,,7,112,951,,,,,,
1373,49415.8,7,281,798,,,,,,,8,121,789,,,,,,,,,,,,,,,,7,113,950,,,,,,
1374,49447.8,6,282,797,,,,,,,8,122,787,,,,,,,,,,,,,,,,8,113,949,,,,,,
1375,49483.0,7,283,796,,,,,,,8,123,787,,,,,,,,,,,,,,,,8,114,948,,,,,,
1376,49515.6,7,284,796,,,,,,,8,124,786,,,,,,,,,,,,,,,,7,115,947,,,,,,
1377,49547.6,6,285,795,,,,,,,8,125,785,,,,,,,,,,,,,,,,7,116,946,,,,,,
1378,49583.5,6,286,795,,,,,,,8,125,784,,,,,,,,,,,,,,,,8,117,946,,,,,,
1379,49615.5,6,287,794,,,,,,,8,127,783,,,,,,,,,,,,,,,,7,117,945,,,,,,
1380,49647.1,6,288,794,,,,,,,8,128,783,,,,,,,,,,,,,,,,7,118,944,,,,,,
1381,49682.9,7,289,793,,,,,,,8,129,782,,,,,,,,,,,,,,,,8,119,943,,,,,,
1382,49715.2,7,290,793,,,,,,,8,130,781,,,,,,,,,,,,,,,,8,120,943,,,,,,
1383,49747.1,7,291,793,,,,,,,8,131,781,,,,,,,,,,,,,,,,7,120,942,,,,,,
1384,49782.8,6,292,792,,,,,,,8,132,780,,,,,,,,,,,,,,,,8,121,941,,,,,,
1385,49815.3,7,293,791,,,,,,,8,133,779,,,,,,,,,,,,,,,,8,121,940,,,,,,
1386,49847.3,7,294,791,,,,,,,8,134,778,,,,,,,,,,,,,,,,7,122,940,,,,,,
1387,49883.1,6,295,790,,,,,,,8,134,778,,,,,,,,,,,,,,,,7,123,939,,,,,,
1388,49947.0,7,296,790,,,,,,,8,136,776,,,,,,,,,,,,,,,,7,123,938,,,,,,
1389,49983.1,7,296,789,,,,,,,8,137,775,,,,,,,,,,,,,,,,7,124,937,,,,,,
1390,50016.0,6,298,789,,,,,,,8,137,775,,,,,,,,,,,,,,,,8,125,937,,,,,,
1391,50047.4,6,298,789,,,,,,,8,139,775,,,,,,,,,,,,,,,,7,125,936,,,,,,
1392,50083.3,6,299,788,,,,,,,8,139,774,,,,,,,,,,,,,,,,7,125,936,,,,,,
1393,50115.0,6,300,788,,,,,,,8,139,774,,,,,,,,,,,,,,,,7,126,935,,,,,,
1394,50147.2,6,300,788,,,,,,,8,140,773,,,,,,,,,,,,,,,,7,126,935,,,,,,
1395,50184.0,7,301,787,,,,,,,8,140,773,,,,,,,,,,,,,,,,7,126,934,,,,,,
1396,50246.8,7,302,787,,,,,,,8,142,772,,,,,,,,,,,,,,,,7,127,933,,,,,,
1397,50282.9,7,302,787,,,,,,,8,143,772,,,,,,,,,,,,,,,,8,127,933,,,,,,
1398,50315.2,7,302,787,,,,,,,8,143,772,,,,,,,,,,,,,,,,7,128,932,,,,,,
1399,50347.3,6,303,787,,,,,,,8,144,771,,,,,,,,,,,,,,,,8,128,932,,,,,,
1400,50383.3,7,304,787,,,,,,,8,144,771,,,,,,,,,,,,,,,,8,128,932,,,,,,
1401,50415.2,7,304,787,,,,,,,8,144,770,,,,,,,,,,,,,,,,7,128,931,,,,,,
1402,50447.2,7,305,787,,,,,,,7,145,770,,,,,,,,,,,,,,,,7,129,931,,,,,,
1403,50483.1,7,305,787,,,,,,,8,145,770,,,,,,,,,,,,,,,,7,129,931,,,,,,
1404,50515.1,7,305,787,,,,,,,8,146,769,,,,,,,,,,,,,,,,8,129,931,,,,,,
1405,50547.5,7,306,787,,,,,,,8,146,769,,,,,,,,,,,,,,,,8,129,930,,,,,,
