frame_no,time,size_px-hotpink,px,py,rx-hotpink,ry-hotpink,vx-hotpink,vy-hotpink,ax-hotpink,ay-hotpink,size_px-lightorange,ox,oy,rx-lightorange,ry-lightorange,vx-lightorange,vy-lightorange,ax-lightorange,ay-lightorange,size_px-yellowneon,yx,yy,rx-yellowneon,ry-yellowneon,vx-yellowneon,vy-yellowneon,ax-yellowneon,ay-yellowneon
0,128.6,,,,,,,,,,30,34,133,,,,,,,,,,,,,,,
1,128.6,,,,,,,,,,32,34,135,,,,,,,,,,,,,,,
2,236.1,,,,,,,,,,30,34,134,,,,,,,,,,,,,,,
3,260.1,,,,,,,,,,30,34,133,,,,,,,,,,,,,,,
4,277,6,655,627,,,,,,,,,,,,,,,,7,426,431,,,,,,
5,285.7,6,655,627,,,,,,,,,,,,,,,,8,426,431,,,,,,
6,304.6,6,655,627,,,,,,,,,,,,,,,,8,426,431,,,,,,
7,304.6,6,655,627,,,,,,,,,,,,,,,,8,426,431,,,,,,
8,324.9,6,655,627,,,,,,,,,,,,,,,,8,427,431,,,,,,
9,324.9,6,655,627,,,,,,,,,,,,,,,,8,426,431,,,,,,
10,353.2,6,655,627,,,,,,,,,,,,,,,,8,427,431,,,,,,
11,387.2,6,655,627,,,,,,,,,,,,,,,,8,426,431,,,,,,
12,419.5,6,655,627,,,,,,,,,,,,,,,,8,427,431,,,,,,
13,453.3,6,655,627,,,,,,,,,,,,,,,,8,426,431,,,,,,
14,485.2,6,655,627,,,,,,,,,,,,,,,,8,426,431,,,,,,
15,518,6,655,627,,,,,,,,,,,,,,,,8,426,431,,,,,,
16,553.4,6,655,627,,,,,,,,,,,,,,,,8,427,431,,,,,,
17,585.8,6,655,627,,,,,,,,,,,,,,,,8,426,431,,,,,,
18,619.5,6,655,627,,,,,,,,,,,,,,,,8,427,431,,,,,,
19,653.2,6,655,627,,,,,,,,,,,,,,,,8,426,431,,,,,,
20,717.3,6,655,627,,,,,,,,,,,,,,,,8,427,432,,,,,,
21,755.8,6,655,627,,,,,,,,,,,,,,,,8,426,431,,,,,,
22,785.2,6,655,627,,,,,,,,,,,,,,,,8,427,431,,,,,,
23,817.5,6,655,627,,,,,,,,,,,,,,,,8,426,431,,,,,,
24,853.3,6,655,627,,,,,,,,,,,,,,,,8,426,431,,,,,,
25,885.3,6,655,627,,,,,,,,,,,,,,,,8,426,431,,,,,,
26,917.3,6,655,627,,,,,,,,,,,,,,,,8,426,431,,,,,,
27,952.7,6,655,627,,,,,,,,,,,,,,,,8,426,431,,,,,,
28,985.1,6,655,627,,,,,,,,,,,,,,,,8,426,431,,,,,,
29,1019.4,6,655,627,,,,,,,,,,,,,,,,8,426,431,,,,,,
30,1052.9,6,655,627,,,,,,,,,,,,,,,,8,426,431,,,,,,
31,1085.3,6,655,627,,,,,,,,,,,,,,,,8,426,431,,,,,,
32,1117.1,6,655,627,,,,,,,,,,,,,,,,8,427,431,,,,,,
33,1184.7,6,655,627,,,,,,,,,,,,,,,,8,426,431,,,,,,
34,1217.4,6,655,627,,,,,,,,,,,,,,,,8,427,431,,,,,,
35,1253.2,6,655,627,,,,,,,,,,,,,,,,8,426,431,,,,,,
36,1285.3,6,655,627,,,,,,,,,,,,,,,,8,426,431,,,,,,
37,1317.5,6,655,627,,,,,,,,,,,,,,,,8,426,431,,,,,,
38,1353.2,6,655,627,,,,,,,,,,,,,,,,8,426,431,,,,,,
39,1385,6,655,627,,,,,,,,,,,,,,,,8,426,431,,,,,,
40,1416.9,6,655,627,,,,,,,,,,,,,,,,8,426,431,,,,,,
41,1452.8,6,655,627,,,,,,,,,,,,,,,,8,427,431,,,,,,
42,1486,6,655,627,,,,,,,,,,,,,,,,8,426,431,,,,,,
43,1517.8,6,655,627,,,,,,,,,,,,,,,,8,427,431,,,,,,
44,1552.8,6,655,627,,,,,,,,,,,,,,,,8,426,431,,,,,,
45,1585.2,6,655,627,,,,,,,,,,,,,,,,8,426,431,,,,,,
46,1618.5,6,655,627,,,,,,,,,,,,,,,,8,426,431,,,,,,
47,1684.7,6,655,627,,,,,,,,,,,,,,,,8,426,431,,,,,,
48,1717.6,6,655,627,,,,,,,,,,,,,,,,8,426,431,,,,,,
49,1759.4,6,655,627,,,,,,,,,,,,,,,,8,426,431,,,,,,
50,1785.9,6,655,627,,,,,,,,,,,,,,,,8,427,431,,,,,,
51,1817.2,6,655,627,,,,,,,,,,,,,,,,8,426,431,,,,,,
52,1853.1,6,655,627,,,,,,,,,,,,,,,,8,427,431,,,,,,
53,1885.2,6,655,627,,,,,,,,,,,,,,,,8,426,431,,,,,,
54,1917.1,6,655,627,,,,,,,,,,,,,,,,8,426,431,,,,,,
55,1984.8,6,655,627,,,,,,,,,,,,,,,,8,426,431,,,,,,
56,2019.4,6,655,627,,,,,,,,,,,,,,,,8,426,431,,,,,,
57,2053,6,655,627,,,,,,,,,,,,,,,,8,426,431,,,,,,
58,2084.9,6,655,627,,,,,,,,,,,,,,,,8,426,431,,,,,,
59,2117.2,6,655,627,,,,,,,,,,,,,,,,8,426,431,,,,,,
60,2153.1,6,655,627,,,,,,,,,,,,,,,,8,426,431,,,,,,
61,2185.7,6,655,627,,,,,,,,,,,,,,,,7,427,431,,,,,,
62,2219,6,656,627,,,,,,,,,,,,,,,,8,427,431,,,,,,
63,2253.1,6,655,627,,,,,,,,,,,,,,,,8,427,431,,,,,,
64,2284.8,6,655,627,,,,,,,,,,,,,,,,8,426,431,,,,,,
65,2317,6,655,627,,,,,,,,,,,,,,,,8,426,431,,,,,,
66,2384.7,6,655,627,,,,,,,,,,,,,,,,8,426,431,,,,,,
67,2417.5,6,655,627,,,,,,,,,,,,,,,,8,426,431,,,,,,
68,2454,6,655,627,,,,,,,,,,,,,,,,8,427,431,,,,,,
69,2484.8,6,655,627,,,,,,,,,,,,,,,,8,427,431,,,,,,
70,2517.1,6,655,627,,,,,,,,,,,,,,,,8,426,431,,,,,,
71,2552.7,6,655,627,,,,,,,,,,,,,,,,8,427,431,,,,,,
72,2585.5,6,655,627,,,,,,,,,,,,,,,,8,426,431,,,,,,
73,2617.6,6,655,627,,,,,,,,,,,,,,,,8,427,432,,,,,,
74,2655,6,655,627,,,,,,,,,,,,,,,,8,426,431,,,,,,
75,2693,6,655,627,,,,,,,,,,,,,,,,8,427,431,,,,,,
76,2723.8,6,655,627,,,,,,,,,,,,,,,,8,427,431,,,,,,
77,2753.9,6,655,627,,,,,,,,,,,,,,,,8,427,431,,,,,,
78,2785.1,6,655,627,,,,,,,,,,,,,,,,8,426,431,,,,,,
79,2817.2,6,655,627,,,,,,,,,,,,,,,,8,427,431,,,,,,
80,2916.8,6,655,627,,,,,,,,,,,,,,,,8,426,431,,,,,,
81,2953,6,655,627,,,,,,,,,,,,,,,,8,427,431,,,,,,
82,2987.5,6,655,627,,,,,,,,,,,,,,,,8,426,431,,,,,,
83,3017.1,6,655,627,,,,,,,,,,,,,,,,8,426,431,,,,,,
84,3053.1,6,655,627,,,,,,,,,,,,,,,,8,427,431,,,,,,
85,3085.5,6,655,627,,,,,,,,,,,,,,,,8,426,431,,,,,,
86,3118.2,6,655,627,,,,,,,,,,,,,,,,8,427,431,,,,,,
87,3153.3,6,655,627,,,,,,,,,,,,,,,,8,427,431,,,,,,
88,3185,6,655,627,,,,,,,,,,,,,,,,8,427,431,,,,,,
89,3217.1,6,655,627,,,,,,,,,,,,,,,,8,426,431,,,,,,
90,3252.8,6,655,627,,,,,,,,,,,,,,,,8,427,431,,,,,,
91,3285.2,6,655,627,,,,,,,,,,,,,,,,8,427,431,,,,,,
92,3317.1,6,655,627,,,,,,,,,,,,,,,,8,427,431,,,,,,
93,3353,6,655,627,,,,,,,,,,,,,,,,8,427,431,,,,,,
94,3385.1,6,655,627,,,,,,,,,,,,,,,,8,426,431,,,,,,
95,3417.1,6,655,627,,,,,,,,,,,,,,,,8,426,431,,,,,,
96,3453,6,654,627,,,,,,,,,,,,,,,,8,426,431,,,,,,
97,3485,6,655,627,,,,,,,,,,,,,,,,8,426,431,,,,,,
98,3552.7,6,654,628,,,,,,,,,,,,,,,,8,426,430,,,,,,
99,3652.7,6,653,628,,,,,,,,,,,,,,,,8,426,430,,,,,,
100,3684.8,7,652,629,,,,,,,,,,,,,,,,8,426,430,,,,,,
101,3717.2,6,652,629,,,,,,,,,,,,,,,,8,426,430,,,,,,
102,3761,6,651,629,,,,,,,,,,,,,,,,7,426,429,,,,,,
103,3785.1,6,651,630,,,,,,,,,,,,,,,,8,426,429,,,,,,
104,3817.5,6,651,630,,,,,,,,,,,,,,,,8,426,429,,,,,,
105,3852.9,6,651,630,,,,,,,,,,,,,,,,8,426,429,,,,,,
106,3885.3,6,651,630,,,,,,,,,,,,,,,,8,426,429,,,,,,
107,3917.1,6,651,630,,,,,,,,,,,,,,,,8,426,429,,,,,,
108,3953,6,651,629,,,,,,,,,,,,,,,,8,426,429,,,,,,
109,3985,6,652,629,,,,,,,,,,,,,,,,8,426,429,,,,,,
110,4017.3,6,652,628,,,,,,,,,,,,,,,,8,426,429,,,,,,
111,4053.7,6,652,628,,,,,,,,,,,,,,,,8,426,429,,,,,,
112,4084.9,6,652,628,,,,,,,,,,,,,,,,8,427,429,,,,,,
113,4116.8,6,652,628,,,,,,,,,,,,,,,,8,427,428,,,,,,
114,4154,6,653,627,,,,,,,,,,,,,,,,8,427,427,,,,,,
115,4186.2,6,653,627,,,,,,,,,,,,,,,,8,428,427,,,,,,
116,4216.9,6,653,626,,,,,,,,,,,,,,,,7,428,426,,,,,,
117,4252.8,6,654,626,,,,,,,,,,,,,,,,7,429,424,,,,,,
118,4285.3,6,654,625,,,,,,,,,,,,,,,,7,431,424,,,,,,
119,4317.6,6,655,624,,,,,,,,,,,,,,,,7,432,422,,,,,,
120,4349.5,6,655,623,,,,,,,,,,,,,,,,8,433,420,,,,,,
121,4385,6,657,622,,,,,,,,,,,,,,,,8,434,419,,,,,,
122,4417,6,657,621,,,,,,,,,,,,,,,,8,435,418,,,,,,
123,4450.3,6,658,621,,,,,,,,,,,,,,,,8,437,416,,,,,,
124,4485.5,6,658,620,,,,,,,,,,,,,,,,8,437,415,,,,,,
125,4517,6,659,619,,,,,,,,,,,,,,,,8,439,414,,,,,,
126,4549.6,6,660,618,,,,,,,,,,,,,,,,8,440,412,,,,,,
127,4585.2,6,661,618,,,,,,,,,,,,,,,,8,441,412,,,,,,
128,4617.2,7,661,617,,,,,,,,,,,,,,,,7,442,410,,,,,,
129,4649.6,6,662,616,,,,,,,,,,,,,,,,8,443,409,,,,,,
130,4685.2,6,662,615,,,,,,,,,,,,,,,,8,444,408,,,,,,
131,4717.3,6,663,615,,,,,,,,,,,,,,,,8,445,407,,,,,,
132,4750.2,6,663,614,,,,,,,,,,,,,,,,8,446,406,,,,,,
133,4816.8,6,664,613,,,,,,,,,,,,,,,,8,448,404,,,,,,
134,4849.2,6,665,613,,,,,,,,,,,,,,,,8,449,403,,,,,,
135,4890.2,6,666,612,,,,,,,,,,,,,,,,8,449,402,,,,,,
136,4916.8,6,666,612,,,,,,,,,,,,,,,,8,451,401,,,,,,
137,4949.2,6,666,611,,,,,,,,,,,,,,,,8,452,400,,,,,,
138,4985,6,667,610,,,,,,,,,,,,,,,,7,453,398,,,,,,
139,5017,6,668,609,,,,,,,,,,,,,,,,8,454,397,,,,,,
140,5049.1,6,669,609,,,,,,,,,,,,,,,,8,455,396,,,,,,
141,5085,6,669,608,,,,,,,,,,,,,,,,8,456,395,,,,,,
142,5117,6,669,608,,,,,,,,,,,,,,,,7,458,394,,,,,,
143,5149.3,6,670,607,,,,,,,,,,,,,,,,7,458,393,,,,,,
144,5185.1,6,671,606,,,,,,,,,,,,,,,,7,460,391,,,,,,
145,5217.1,6,672,605,,,,,,,,,,,,,,,,7,461,390,,,,,,
146,5251.5,6,673,604,,,,,,,,,,,,,,,,8,462,388,,,,,,
147,5285.2,6,674,604,,,,,,,,,,,,,,,,8,464,387,,,,,,
148,5317.1,6,674,603,,,,,,,,,,,,,,,,7,465,386,,,,,,
149,5349.3,6,675,603,,,,,,,,,,,,,,,,8,466,385,,,,,,
150,5384.9,6,675,602,,,,,,,,,,,,,,,,7,467,384,,,,,,
151,5417,6,676,602,,,,,,,,,,,,,,,,8,468,383,,,,,,
152,5450,6,677,601,,,,,,,,,,,,,,,,8,470,382,,,,,,
153,5485.1,6,678,601,,,,,,,,,,,,,,,,7,471,381,,,,,,
154,5517,6,678,600,,,,,,,,,,,,,,,,8,472,380,,,,,,
155,5549.1,6,679,599,,,,,,,,,,,,,,,,7,473,379,,,,,,
156,5585.9,6,680,598,,,,,,,,,,,,,,,,8,475,377,,,,,,
157,5617.4,6,681,598,,,,,,,,,,,,,,,,8,476,376,,,,,,
158,5649.3,6,682,596,,,,,,,,,,,,,,,,8,479,373,,,,,,
159,5685.2,6,684,595,,,,,,,,,,,,,,,,8,481,371,,,,,,
160,5717.6,6,685,594,,,,,,,,,,,,,,,,8,484,369,,,,,,
161,5750.4,6,687,593,,,,,,,,,,,,,,,,7,487,366,,,,,,
162,5785.1,6,688,591,,,,,,,,,,,,,,,,7,491,363,,,,,,
163,5849.1,6,692,588,,,,,,,,,,,,,,,,8,497,358,,,,,,
164,5884.9,6,694,586,,,,,,,,,,,,,,,,8,500,355,,,,,,
165,5949.1,6,697,584,,,,,,,,,,,,,,,,8,505,351,,,,,,
166,5985.2,6,699,582,,,,,,,,,,,,,,,,8,508,348,,,,,,
167,6020,6,700,581,,,,,,,,,,,,,,,,7,510,346,,,,,,
168,6051.1,6,702,580,,,,,,,,,,,,,,,,7,513,344,,,,,,
169,6085.1,6,704,579,,,,,,,,,,,,,,,,8,516,341,,,,,,
170,6117,6,705,577,,,,,,,,,,,,,,,,8,519,339,,,,,,
171,6149.6,6,707,576,,,,,,,,,,,,,,,,8,522,337,,,,,,
172,6185,6,709,575,,,,,,,,,,,,,,,,8,525,334,,,,,,
173,6217,6,710,574,,,,,,,,,,,,,,,,8,528,333,,,,,,
174,6249.5,6,712,572,,,,,,,,,,,,,,,,8,530,331,,,,,,
175,6285.7,6,713,571,,,,,,,,,,,,,,,,8,533,329,,,,,,
176,6317.8,6,714,571,,,,,,,,,,,,,,,,8,534,327,,,,,,
177,6349.6,6,715,570,,,,,,,,,,,,,,,,8,536,326,,,,,,
178,6385,6,716,569,,,,,,,,,,,,,,,,8,538,325,,,,,,
179,6417.3,6,717,568,,,,,,,,,,,,,,,,8,539,324,,,,,,
180,6449.3,6,718,568,,,,,,,,,,,,,,,,8,541,323,,,,,,
181,6548.9,6,722,565,,,,,,,,,,,,,,,,8,547,318,,,,,,
182,6585.1,6,723,564,,,,,,,,,,,,,,,,8,549,316,,,,,,
183,6618,7,725,563,,,,,,,,,,,,,,,,8,553,314,,,,,,
184,6651.2,6,727,562,,,,,,,,,,,,,,,,8,556,311,,,,,,
185,6687.6,6,729,560,,,,,,,,,,,,,,,,8,561,309,,,,,,
186,6717.1,6,732,559,,,,,,,,,,,,,,,,8,564,306,,,,,,
187,6749.5,6,734,557,,,,,,,,,,,,,,,,8,569,303,,,,,,
188,6784.9,6,736,556,,,,,,,,,,,,,,,,7,573,300,,,,,,
189,6817.1,6,739,554,,,,,,,,,,,,,,,,8,577,297,,,,,,
190,6849.7,6,741,553,,,,,,,,,,,,,,,,8,581,295,,,,,,
191,6885.2,6,744,552,,,,,,,,,,,,,,,,8,584,293,,,,,,
192,6949,6,747,550,,,,,,,,,,,,,,,,8,592,289,,,,,,
193,6985.5,6,750,549,,,,,,,,,,,,,,,,8,595,287,,,,,,
194,7017.5,6,752,548,,,,,,,,,,,,,,,,8,599,285,,,,,,
195,7049.6,6,754,547,,,,,,,,,,,,,,,,8,602,283,,,,,,
196,7085.9,6,756,545,,,,,,,,,,,,,,,,8,607,281,,,,,,
197,7117.2,6,759,544,,,,,,,,,,,,,,,,8,612,279,,,,,,
198,7149.6,6,762,543,,,,,,,,,,,,,,,,8,615,277,,,,,,
199,7184.9,7,763,542,,,,,,,,,,,,,,,,8,618,275,,,,,,
200,7217,6,764,542,,,,,,,,,,,,,,,,8,620,274,,,,,,
201,7284.7,6,764,542,,,,,,,,,,,,,,,,8,620,274,,,,,,
202,7317.2,6,764,542,,,,,,,,,,,,,,,,8,620,274,,,,,,
203,7351.5,6,764,542,,,,,,,,,,,,,,,,8,619,274,,,,,,
204,7386.6,6,764,542,,,,,,,,,,,,,,,,8,619,274,,,,,,
205,7417.3,6,764,542,,,,,,,,,,,,,,,,8,620,274,,,,,,
206,7449.3,6,764,542,,,,,,,,,,,,,,,,8,620,274,,,,,,
207,7485.1,7,764,541,,,,,,,,,,,,,,,,8,620,274,,,,,,
208,7517.4,6,764,542,,,,,,,,,,,,,,,,8,620,274,,,,,,
209,7549.3,6,764,541,,,,,,,,,,,,,,,,8,620,274,,,,,,
210,7585.5,6,764,542,,,,,,,,,,,,,,,,8,620,274,,,,,,
211,7617.5,6,764,542,,,,,,,,,,,,,,,,8,620,274,,,,,,
212,7649.5,6,765,541,,,,,,,,,,,,,,,,8,620,274,,,,,,
213,7686.1,6,764,541,,,,,,,,,,,,,,,,8,620,274,,,,,,
214,7719.5,6,765,541,,,,,,,,,,,,,,,,8,620,274,,,,,,
215,7749.5,6,765,541,,,,,,,,,,,,,,,,8,620,274,,,,,,
216,7785.1,7,765,541,,,,,,,,,,,,,,,,8,621,273,,,,,,
217,7817.1,7,766,541,,,,,,,,,,,,,,,,8,623,272,,,,,,
218,7849.3,7,767,541,,,,,,,,,,,,,,,,8,624,272,,,,,,
219,7885.1,6,767,540,,,,,,,,,,,,,,,,8,625,271,,,,,,
220,7917.2,7,768,539,,,,,,,,,,,,,,,,8,626,270,,,,,,
221,7949.4,6,769,539,,,,,,,,,,,,,,,,8,628,269,,,,,,
222,7986.9,6,771,538,,,,,,,,,,,,,,,,8,631,268,,,,,,
223,8017.1,6,773,537,,,,,,,,,,,,,,,,8,636,265,,,,,,
224,8053.4,6,776,535,,,,,,,,,,,,,,,,8,642,262,,,,,,
225,8085,6,781,534,,,,,,,,,,,,,,,,7,649,258,,,,,,
226,8123.2,6,786,531,,,,,,,,,,,,,,,,8,657,254,,,,,,
227,8149.1,6,791,529,,,,,,,,,,,,,,,,8,666,250,,,,,,
228,8185.3,6,795,527,,,,,,,,,,,,,,,,8,675,246,,,,,,
229,8217.9,6,800,525,,,,,,,,,,,,,,,,8,681,243,,,,,,
230,8249.6,6,804,524,,,,,,,,,,,,,,,,8,688,241,,,,,,
231,8284.9,7,806,523,,,,,,,,,,,,,,,,8,690,240,,,,,,
232,8317.2,7,806,523,,,,,,,,,,,,,,,,8,690,240,,,,,,
233,8349.6,7,805,523,,,,,,,,,,,,,,,,8,690,240,,,,,,
234,8384.9,7,805,523,,,,,,,,,,,,,,,,8,690,240,,,,,,
235,8417,7,805,523,,,,,,,,,,,,,,,,8,690,240,,,,,,
236,8451.7,7,805,523,,,,,,,,,,,,,,,,8,691,240,,,,,,
237,8485.1,7,805,523,,,,,,,,,,,,,,,,8,691,240,,,,,,
238,8517.6,7,805,523,,,,,,,,,,,,,,,,8,691,240,,,,,,
239,8549.8,7,805,523,,,,,,,,,,,,,,,,8,690,240,,,,,,
240,8585.3,7,805,523,,,,,,,,,,,,,,,,8,691,240,,,,,,
241,8617.1,7,805,523,,,,,,,,,,,,,,,,8,691,240,,,,,,
242,8684.8,7,805,524,,,,,,,,,,,,,,,,8,691,240,,,,,,
243,8716.9,6,805,525,,,,,,,,,,,,,,,,8,690,241,,,,,,
244,8749.5,7,804,525,,,,,,,,,,,,,,,,8,689,241,,,,,,
245,8785.3,7,803,525,,,,,,,,,,,,,,,,8,687,243,,,,,,
246,8817.4,7,801,526,,,,,,,,,,,,,,,,8,684,244,,,,,,
247,8849.8,7,799,528,,,,,,,,,,,,,,,,8,680,246,,,,,,
248,8885.8,7,796,528,,,,,,,,,,,,,,,,8,674,249,,,,,,
249,8923.4,6,793,530,,,,,,,,,,,,,,,,8,667,252,,,,,,
250,8955.1,6,788,532,,,,,,,,,,,,,,,,8,660,256,,,,,,
251,8989,6,783,534,,,,,,,,,,,,,,,,7,650,260,,,,,,
252,9017.2,6,778,537,,,,,,,,,,,,,,,,8,641,265,,,,,,
253,9049.2,6,773,540,,,,,,,,,,,,,,,,7,632,270,,,,,,
254,9085.5,6,768,543,,,,,,,,,,,,,,,,8,624,275,,,,,,
255,9119.5,6,764,545,,,,,,,,,,,,,,,,8,617,279,,,,,,
256,9153.2,6,761,547,,,,,,,,,,,,,,,,8,612,282,,,,,,
257,9185,6,759,548,,,,,,,,,,,,,,,,7,608,284,,,,,,
258,9217.1,6,757,549,,,,,,,,,,,,,,,,8,605,286,,,,,,
259,9284.8,6,753,552,,,,,,,,,,,,,,,,8,597,291,,,,,,
260,9317,6,750,554,,,,,,,,,,,,,,,,7,592,295,,,,,,
261,9349.4,6,747,556,,,,,,,,,,,,,,,,7,587,298,,,,,,
262,9385.7,6,743,558,,,,,,,,,,,,,,,,7,580,303,,,,,,
263,9417.9,6,739,561,,,,,,,,,,,,,,,,7,573,307,,,,,,
264,9450.6,6,736,564,,,,,,,,,,,,,,,,7,566,313,,,,,,
265,9485,6,731,567,,,,,,,,,,,,,,,,7,558,319,,,,,,
266,9517.7,6,727,571,,,,,,,,,,,,,,,,7,550,325,,,,,,
267,9549.7,6,722,574,,,,,,,,,,,,,,,,7,542,330,,,,,,
268,9584.8,6,719,577,,,,,,,,,,,,,,,,7,536,335,,,,,,
269,9616.9,6,716,579,,,,,,,,,,,,,,,,7,531,339,,,,,,
270,9649.2,6,715,580,,,,,,,,,,,,,,,,8,530,340,,,,,,
271,9685.1,6,714,580,,,,,,,,,,,,,,,,8,530,340,,,,,,
272,9749.1,6,714,580,,,,,,,,,,,,,,,,8,530,340,,,,,,
273,9817.1,6,714,580,,,,,,,,,,,,,,,,8,530,340,,,,,,
274,9849.4,6,714,580,,,,,,,,,,,,,,,,8,530,341,,,,,,
275,9885.2,6,714,580,,,,,,,,,,,,,,,,8,530,341,,,,,,
276,9917.2,6,714,580,,,,,,,,,,,,,,,,8,530,341,,,,,,
277,9951.5,6,714,581,,,,,,,,,,,,,,,,8,530,341,,,,,,
278,9984.9,6,714,581,,,,,,,,,,,,,,,,8,529,341,,,,,,
279,10017.4,6,714,581,,,,,,,,,,,,,,,,8,529,341,,,,,,
280,10049.8,6,714,582,,,,,,,,,,,,,,,,8,529,342,,,,,,
281,10086.5,7,714,582,,,,,,,,,,,,,,,,8,529,344,,,,,,
282,10117,6,713,584,,,,,,,,,,,,,,,,8,527,346,,,,,,
283,10149.5,6,712,585,,,,,,,,,,,,,,,,8,525,349,,,,,,
284,10249.3,6,704,593,,,,,,,,,,,,,,,,7,510,363,,,,,,
285,10288.9,6,700,597,,,,,,,,,,,,,,,,7,502,370,,,,,,
286,10349.2,6,691,606,,,,,,,,,,,,,,,,7,486,385,,,,,,
287,10386,6,686,612,,,,,,,,,,,,,,,,7,477,394,,,,,,
288,10418.9,6,681,617,,,,,,,,,,,,,,,,7,468,404,,,,,,
289,10449.7,6,676,622,,,,,,,,,,,,,,,,7,459,413,,,,,,
290,10485,6,671,628,,,,,,,,,,,,,,,,7,450,424,,,,,,
291,10521.5,6,666,634,,,,,,,,,,,,,,,,7,441,433,,,,,,
292,10553.2,6,661,639,,,,,,,,,,,,,,,,7,433,443,,,,,,
293,10585.2,6,657,644,,,,,,,,,,,,,,,,7,426,452,,,,,,
294,10617.1,6,654,649,,,,,,,,,,,,,,,,7,419,461,,,,,,
295,10649.3,6,650,654,,,,,,,,,,,,,,,,7,413,469,,,,,,
296,10685.2,6,647,658,,,,,,,,,,,,,,,,7,407,476,,,,,,
297,10717.5,6,644,662,,,,,,,,,,,,,,,,7,402,483,,,,,,
298,10750,6,642,665,,,,,,,,,,,,,,,,7,398,490,,,,,,
299,10785,6,639,669,,,,,,,,,,,,,,,,7,394,495,,,,,,
300,10817.2,6,638,672,,,,,,,,,,,,,,,,7,390,501,,,,,,
301,10850.3,6,636,674,,,,,,,,,,,,,,,,7,386,506,,,,,,
302,10885.1,6,634,677,,,,,,,,,,,,,,,,7,383,511,,,,,,
303,10949,6,631,681,,,,,,,,,,,,,,,,8,377,519,,,,,,
304,10986.5,6,630,683,,,,,,,,,,,,,,,,7,374,524,,,,,,
305,11017.4,6,628,685,,,,,,,,,,,,,,,,8,372,528,,,,,,
306,11049.7,6,627,687,,,,,,,,,,,,,,,,7,369,531,,,,,,
307,11085.4,6,626,688,,,,,,,,,,,,,,,,7,367,535,,,,,,
308,11117.3,6,624,690,,,,,,,,,,,,,,,,7,365,538,,,,,,
309,11152,6,624,691,,,,,,,,,,,,,,,,7,363,541,,,,,,
310,11185.8,6,623,692,,,,,,,,,,,,,,,,7,361,545,,,,,,
311,11217.1,6,622,693,,,,,,,,,,,,,,,,8,359,548,,,,,,
312,11249.5,6,621,695,,,,,,,,,,,,,,,,7,356,551,,,,,,
313,11286.4,6,620,696,,,,,,,,,,,,,,,,8,355,554,,,,,,
314,11317.3,6,619,697,,,,,,,,,,,,,,,,8,353,557,,,,,,
315,11349.3,6,618,698,,,,,,,,,,,,,,,,7,350,561,,,,,,
316,11385.2,6,617,699,,,,,,,,,,,,,,,,8,349,564,,,,,,
317,11417.2,6,616,700,,,,,,,,,,,,,,,,8,346,567,,,,,,
318,11449.2,6,615,700,,,,,,,,,,,,,,,,7,344,571,,,,,,
319,11485.6,7,614,702,,,,,,,,,,,,,,,,7,341,574,,,,,,
320,11517.5,6,613,702,,,,,,,,,,,,,,,,7,339,578,,,,,,
321,11549.6,6,611,702,,,,,,,,,,,,,,,,8,336,581,,,,,,
322,11585,7,610,702,,,,,,,,,,,,,,,,7,334,583,,,,,,
323,11617.1,6,609,702,,,,,,,,,,,,,,,,7,331,585,,,,,,
324,11649.3,7,608,701,,,,,,,,,,,,,,,,7,330,587,,,,,,
325,11684.9,7,607,699,,,,,,,,,,,,,,,,7,328,588,,,,,,
326,11717.5,6,606,698,,,,,,,,,,,,,,,,8,326,589,,,,,,
327,11750,6,606,696,,,,,,,,,,,,,,,,8,324,590,,,,,,
328,11785.2,6,606,695,,,,,,,,,,,,,,,,8,323,591,,,,,,
329,11817.3,6,605,693,,,,,,,,,,,,,,,,8,321,592,,,,,,
330,11849.6,7,605,691,,,,,,,,,,,,,,,,8,320,594,,,,,,
331,11885.6,6,605,690,,,,,,,,,,,,,,,,8,319,596,,,,,,
332,11917.1,6,605,689,,,,,,,,,,,,,,,,8,317,598,,,,,,
333,11949.4,6,604,688,,,,,,,,,,,,,,,,8,316,600,,,,,,
334,11985.1,6,603,686,,,,,,,,,,,,,,,,7,314,603,,,,,,
335,12017.8,6,602,685,,,,,,,,,,,,,,,,8,313,605,,,,,,
336,12049.4,6,602,684,,,,,,,,,,,,,,,,8,312,608,,,,,,
337,12084.9,6,602,684,,,,,,,,,,,,,,,,7,310,610,,,,,,
338,12118.1,6,601,683,,,,,,,,,,,,,,,,8,308,614,,,,,,
339,12149.8,6,601,682,,,,,,,,,,,,,,,,7,307,617,,,,,,
340,12184.9,6,601,681,,,,,,,,,,,,,,,,8,306,620,,,,,,
341,12217.4,6,601,680,,,,,,,,,,,,,,,,7,305,623,,,,,,
342,12249.3,6,601,678,,,,,,,,,,,,,,,,8,305,625,,,,,,
343,12285,6,600,678,,,,,,,,,,,,,,,,7,304,627,,,,,,
344,12319.5,6,600,676,,,,,,,,,,,,,,,,8,303,630,,,,,,
345,12384.8,6,601,674,,,,,,,,,,,,,,,,8,302,634,,,,,,
346,12417.7,6,601,673,,,,,,,,,,,,,,,,7,302,635,,,,,,
347,12450.1,6,601,671,,,,,,,,,,,,,,,,8,302,637,,,,,,
348,12485.4,6,602,670,,,,,,,,,,,,,,,,7,303,639,,,,,,
349,12517.2,6,604,669,,,,,,,,,,,,,,,,7,304,641,,,,,,
350,12549.4,6,605,668,,,,,,,,,,,,,,,,8,305,643,,,,,,
351,12587.5,6,607,666,,,,,,,,,,,,,,,,8,307,645,,,,,,
352,12617.2,6,610,664,,,,,,,,,,,,,,,,8,309,646,,,,,,
353,12684.8,6,613,660,,,,,,,,,,,,,,,,8,313,651,,,,,,
354,12721.2,6,615,659,,,,,,,,,,,,,,,,8,315,652,,,,,,
355,12749.3,6,617,657,,,,,,,,,,,,,,,,7,316,654,,,,,,
356,12785,6,617,656,,,,,,,,,,,,,,,,7,317,656,,,,,,
357,12817.4,6,618,654,,,,,,,,,,,,,,,,7,317,658,,,,,,
358,12850.1,6,618,652,,,,,,,,,,,,,,,,7,317,660,,,,,,
359,12885,6,618,651,,,,,,,,,,,,,,,,8,318,662,,,,,,
360,12917.2,6,618,649,,,,,,,,,,,,,,,,7,318,664,,,,,,
361,12949.2,6,618,648,,,,,,,,,,,,,,,,7,318,667,,,,,,
362,12987.4,6,619,647,,,,,,,,,,,,,,,,8,319,669,,,,,,
363,13019.4,6,619,646,,,,,,,,,,,,,,,,7,320,671,,,,,,
364,13049.3,6,620,645,,,,,,,,,,,,,,,,7,321,674,,,,,,
365,13085,6,622,643,,,,,,,,,,,,,,,,8,323,676,,,,,,
366,13116.9,6,623,642,,,,,,,,,,,,,,,,8,325,679,,,,,,
367,13150.7,6,623,642,,,,,,,,,,,,,,,,7,325,681,,,,,,
368,13185.3,6,624,641,,,,,,,,,,,,,,,,8,326,684,,,,,,
369,13218.3,6,624,641,,,,,,,,,,,,,,,,8,326,686,,,,,,
370,13249.5,6,625,641,,,,,,,,,,,,,,,,8,328,689,,,,,,
371,13286.2,6,625,641,,,,,,,,,,,,,,,,7,328,691,,,,,,
372,13317.2,6,625,641,,,,,,,,,,,,,,,,7,329,695,,,,,,
373,13349.9,6,625,642,,,,,,,,,,,,,,,,8,330,699,,,,,,
374,13385.1,6,626,644,,,,,,,,,,,,,,,,7,331,704,,,,,,
375,13417.4,6,627,647,,,,,,,,,,,,,,,,7,333,711,,,,,,
376,13451.6,6,629,649,,,,,,,,,,,,,,,,7,336,718,,,,,,
377,13516.9,6,632,654,,,,,,,,,,,,,,,,7,342,733,,,,,,
378,13549.2,6,635,656,,,,,,,,,,,,,,,,7,346,740,,,,,,
379,13585.3,6,636,657,,,,,,,,,,,,,,,,7,349,746,,,,,,
380,13617.5,6,638,657,,,,,,,,,,,,,,,,7,352,751,,,,,,
381,13649.1,6,640,658,,,,,,,,,,,,,,,,8,355,755,,,,,,
382,13684.9,6,641,657,,,,,,,,,,,,,,,,8,357,758,,,,,,
383,13717.3,6,641,657,,,,,,,,,,,,,,,,7,358,758,,,,,,
384,13749.3,6,642,657,,,,,,,,,,,,,,,,8,358,758,,,,,,
385,13787.5,6,642,657,,,,,,,,,,,,,,,,8,358,758,,,,,,
386,13818.2,6,641,657,,,,,,,,,,,,,,,,8,358,759,,,,,,
387,13849.4,6,641,657,,,,,,,,,,,,,,,,8,358,758,,,,,,
388,13885,6,641,657,,,,,,,,,,,,,,,,8,358,758,,,,,,
389,13917.1,6,642,657,,,,,,,,,,,,,,,,8,358,758,,,,,,
390,13949.3,6,641,657,,,,,,,,,,,,,,,,8,358,758,,,,,,
391,13985,6,641,657,,,,,,,,,,,,,,,,8,358,759,,,,,,
392,14049.3,6,641,656,,,,,,,,,,,,,,,,8,358,758,,,,,,
393,14085.7,6,641,655,,,,,,,,,,,,,,,,8,359,759,,,,,,
394,14119,6,641,654,,,,,,,,,,,,,,,,8,359,759,,,,,,
395,14151.1,6,640,652,,,,,,,,,,,,,,,,8,359,759,,,,,,
396,14185.2,6,641,649,,,,,,,,,,,,,,,,8,360,759,,,,,,
397,14217.1,6,641,648,,,,,,,,,,,,,,,,7,361,760,,,,,,
398,14249.3,6,643,645,,,,,,,,,,,,,,,,7,365,761,,,,,,
399,14284.9,6,645,643,,,,,,,,,,,,,,,,7,368,763,,,,,,
400,14317.4,6,646,642,,,,,,,,,,,,,,,,8,371,766,,,,,,
401,14350.3,6,648,640,,,,,,,,,,,,,,,,7,376,769,,,,,,
402,14385.2,6,650,638,,,,,,,,,,,,,,,,8,380,772,,,,,,
403,14417.2,6,651,636,,,,,,,,,,,,,,,,7,384,776,,,,,,
404,14449.3,6,653,634,,,,,,,,,,,,,,,,7,389,781,,,,,,
405,14485.1,6,655,632,,,,,,,,,,,,,,,,7,395,785,,,,,,
406,14548.9,6,658,629,,,,,,,,,,,,,,,,7,406,793,,,,,,
407,14585,6,660,626,,,,,,,,,,,,,,,,8,411,796,,,,,,
408,14616.9,6,661,624,,,,,,,,,,,,,,,,7,415,799,,,,,,
409,14649.1,6,661,621,,,,,,,,,,,,,,,,7,419,800,,,,,,
410,14685.1,6,662,618,,,,,,,,,,,,,,,,7,423,801,,,,,,
411,14717.8,6,662,615,,,,,,,,,,,,,,,,8,426,802,,,,,,
412,14755.5,6,661,612,,,,,,,,,,,,,,,,7,428,803,,,,,,
413,14785,6,661,609,,,,,,,,,,,,,,,,8,430,802,,,,,,
414,14817.6,6,661,606,,,,,,,,,,,,,,,,8,433,803,,,,,,
415,14880.9,6,660,599,,,,,,,,,,,,,,,,8,437,802,,,,,,
416,14916.8,6,659,595,,,,,,,,,,,,,,,,8,439,802,,,,,,
417,14949.2,6,658,592,,,,,,,,,,,,,,,,7,442,801,,,,,,
418,14985,6,658,589,,,,,,,,,,,,,,,,8,444,801,,,,,,
419,15017,5,655,585,,,,,,,,,,,,,,,,7,445,801,,,,,,
420,15049.1,6,652,579,,,,,,,,,,,,,,,,7,447,801,,,,,,
421,15084.9,6,651,578,,,,,,,,,,,,,,,,8,449,801,,,,,,
422,15117.5,6,650,576,,,,,,,,,,,,,,,,8,450,801,,,,,,
423,15149.2,6,649,574,,,,,,,,,,,,,,,,8,451,800,,,,,,
424,15185.5,6,650,574,,,,,,,,,,,,,,,,7,451,800,,,,,,
425,15249,6,650,574,,,,,,,,,,,,,,,,8,451,800,,,,,,
426,15285.3,6,650,574,,,,,,,,,,,,,,,,8,451,800,,,,,,
427,15317.2,6,650,574,,,,,,,,,,,,,,,,8,451,800,,,,,,
428,15349.2,6,650,574,,,,,,,,,,,,,,,,8,451,800,,,,,,
429,15417,6,650,574,,,,,,,,,,,,,,,,8,451,800,,,,,,
430,15455.6,6,650,574,,,,,,,,,,,,,,,,7,451,800,,,,,,
431,15485.2,6,650,574,,,,,,,,,,,,,,,,7,452,800,,,,,,
432,15517,6,650,574,,,,,,,,,,,,,,,,8,451,800,,,,,,
433,15549.5,6,650,574,,,,,,,,,,,,,,,,7,451,800,,,,,,
434,15587.7,6,650,574,,,,,,,,,,,,,,,,8,451,800,,,,,,
435,15617.7,6,650,574,,,,,,,,,,,,,,,,8,451,800,,,,,,
436,15649.2,6,650,574,,,,,,,,,,,,,,,,8,451,801,,,,,,
437,15685.2,6,650,574,,,,,,,,,,,,,,,,8,451,800,,,,,,
438,15722.4,6,650,574,,,,,,,,,,,,,,,,7,451,800,,,,,,
439,15754.4,6,650,574,,,,,,,,,,,,,,,,7,451,800,,,,,,
440,15787.5,6,650,574,,,,,,,,,,,,,,,,8,451,800,,,,,,
441,15817,6,650,574,,,,,,,,,,,,,,,,8,451,800,,,,,,
442,15849.2,6,650,574,,,,,,,,,,,,,,,,7,451,800,,,,,,
443,15885.2,6,650,573,,,,,,,,,,,,,,,,7,451,800,,,,,,
444,15917.3,6,650,574,,,,,,,,,,,,,,,,7,451,800,,,,,,
445,15949.6,6,650,574,,,,,,,,,,,,,,,,7,451,800,,,,,,
446,15985.8,6,650,574,,,,,,,,,,,,,,,,8,451,800,,,,,,
447,16017,6,650,574,,,,,,,,,,,,,,,,7,451,800,,,,,,
448,16049.4,6,650,574,,,,,,,,,,,,,,,,8,451,800,,,,,,
449,16084.9,6,650,574,,,,,,,,,,,,,,,,7,451,800,,,,,,
450,16117,6,651,574,,,,,,,,,,,,,,,,7,453,801,,,,,,
451,16149.1,6,652,575,,,,,,,,,,,,,,,,7,455,802,,,,,,
452,16184.9,6,654,576,,,,,,,,,,,,,,,,7,458,805,,,,,,
453,16218.4,6,656,576,,,,,,,,,,,,,,,,7,461,806,,,,,,
454,16249.2,6,659,573,,,,,,,,,,,,,,,,7,466,805,,,,,,
455,16284.7,6,662,570,,,,,,,,,,,,,,,,7,472,804,,,,,,
456,16317.1,6,665,566,,,,,,,,,,,,,,,,7,477,803,,,,,,
457,16384.9,6,669,558,,,,,,,,,,,,,,,,7,487,799,,,,,,
458,16419.2,6,671,553,,,,,,,,,,,,,,,,7,492,797,,,,,,
459,16449.2,6,672,548,,,,,,,,,,,,,,,,7,496,794,,,,,,
460,16484.9,6,672,543,,,,,,,,,,,,,,,,7,500,791,,,,,,
461,16518.4,6,671,539,,,,,,,,,,,,,,,,7,503,789,,,,,,
462,16549.5,6,670,534,,,,,,,,,,,,,,,,7,506,787,,,,,,
463,16585.1,6,669,530,,,,,,,,,,,,,,,,7,508,785,,,,,,
464,16617.2,6,667,526,,,,,,,,,,,,,,,,7,510,784,,,,,,
465,16649,6,664,522,,,,,,,,,,,,,,,,8,511,783,,,,,,
466,16685,6,661,519,,,,,,,,,,,,,,,,8,512,781,,,,,,
467,16717.6,6,659,515,,,,,,,,,,,,,,,,7,514,779,,,,,,
468,16749.4,6,655,511,,,,,,,,,,,,,,,,8,515,778,,,,,,
469,16816.8,6,649,504,,,,,,,,,,,,,,,,7,517,775,,,,,,
470,16884.9,6,648,500,,,,,,,,,,,,,,,,7,520,773,,,,,,
471,16917.7,6,649,499,,,,,,,,,,,,,,,,7,523,772,,,,,,
472,16949.1,6,649,497,,,,,,,,,,,,,,,,8,525,772,,,,,,
473,16987.4,6,649,495,,,,,,,,,,,,,,,,7,527,771,,,,,,
474,17017.2,6,650,494,,,,,,,,,,,,,,,,7,530,770,,,,,,
475,17049.1,6,650,492,,,,,,,,,,,,,,,,7,532,769,,,,,,
476,17085,6,650,489,,,,,,,,,,,,,,,,8,536,769,,,,,,
477,17117.4,6,650,487,,,,,,,,,,,,,,,,8,538,767,,,,,,
478,17149.5,6,650,485,,,,,,,,,,,,,,,,8,542,766,,,,,,
479,17185,6,649,483,,,,,,,,,,,,,,,,7,544,766,,,,,,
480,17219.5,6,649,480,,,,,,,,,,,,,,,,8,547,764,,,,,,
481,17251,6,649,478,,,,,,,,,,,,,,,,8,551,764,,,,,,
482,17286.4,6,649,476,,,,,,,,,,,,,,,,7,554,763,,,,,,
483,17320.7,6,650,475,,,,,,,,,,,,,,,,7,557,762,,,,,,
484,17349.1,6,650,474,,,,,,,,,,,,,,,,7,561,761,,,,,,
485,17385.3,6,652,472,,,,,,,,,,,,,,,,7,564,761,,,,,,
486,17419,6,652,471,,,,,,,,,,,,,,,,7,567,760,,,,,,
487,17453.4,6,653,470,,,,,,,,,,,,,,,,7,571,760,,,,,,
488,17485.2,6,654,468,,,,,,,,,,,,,,,,7,574,759,,,,,,
489,17519.6,6,655,467,,,,,,,,,,,,,,,,8,577,759,,,,,,
490,17549.8,6,655,466,,,,,,,,,,,,,,,,7,581,758,,,,,,
491,17584.9,6,656,465,,,,,,,,,,,,,,,,8,584,757,,,,,,
492,17617.2,6,657,464,,,,,,,,,,,,,,,,8,587,757,,,,,,
493,17649.5,6,657,463,,,,,,,,,,,,,,,,8,590,757,,,,,,
494,17685.1,6,657,461,,,,,,,,,,,,,,,,8,593,756,,,,,,
495,17717.1,6,658,461,,,,,,,,,,,,,,,,7,596,756,,,,,,
496,17749.1,6,658,460,,,,,,,,,,,,,,,,7,599,756,,,,,,
497,17785.4,6,659,459,,,,,,,,,,,,,,,,7,601,756,,,,,,
498,17817,6,659,459,,,,,,,,,,,,,,,,8,601,756,,,,,,
499,17851.2,6,659,460,,,,,,,,,,,,,,,,8,601,756,,,,,,
500,17916.8,6,659,459,,,,,,,,,,,,,,,,8,601,755,,,,,,
501,17949.5,6,659,459,,,,,,,,,,,,,,,,8,601,755,,,,,,
502,17985.2,6,659,459,,,,,,,,,,,,,,,,8,601,756,,,,,,
503,18017.2,6,659,459,,,,,,,,,,,,,,,,8,601,756,,,,,,
504,18049.4,6,659,459,,,,,,,,,,,,,,,,8,601,756,,,,,,
505,18084.8,6,659,460,,,,,,,,,,,,,,,,7,601,756,,,,,,
506,18117.2,6,659,459,,,,,,,,,,,,,,,,8,601,756,,,,,,
507,18155.5,6,659,459,,,,,,,,,,,,,,,,8,601,755,,,,,,
508,18185.1,6,659,459,,,,,,,,,,,,,,,,8,601,756,,,,,,
509,18217.4,6,659,459,,,,,,,,,,,,,,,,8,601,755,,,,,,
510,18249.2,6,660,460,,,,,,,,,,,,,,,,8,601,755,,,,,,
511,18285.1,6,659,459,,,,,,,,,,,,,,,,8,601,756,,,,,,
512,18317.4,6,659,459,,,,,,,,,,,,,,,,8,601,756,,,,,,
513,18384.9,6,659,459,,,,,,,,,,,,,,,,8,601,756,,,,,,
514,18417.2,6,659,459,,,,,,,,,,,,,,,,7,601,755,,,,,,
515,18449.4,6,659,459,,,,,,,,,,,,,,,,8,601,756,,,,,,
516,18485.7,6,659,459,,,,,,,,,,,,,,,,8,601,755,,,,,,
517,18517.2,6,659,459,,,,,,,,,,,,,,,,8,601,755,,,,,,
518,18549.4,6,659,459,,,,,,,,,,,,,,,,8,601,755,,,,,,
519,18616.9,6,659,459,,,,,,,,,,,,,,,,7,602,755,,,,,,
520,18649.2,6,660,459,,,,,,,,,,,,,,,,7,602,755,,,,,,
521,18685.2,6,660,459,,,,,,,,,,,,,,,,7,602,755,,,,,,
522,18723.4,6,660,459,,,,,,,,,,,,,,,,8,604,755,,,,,,
523,18749.4,6,661,458,,,,,,,,,,,,,,,,7,606,755,,,,,,
524,18785.6,6,661,457,,,,,,,,,,,,,,,,7,608,755,,,,,,
525,18819.4,6,662,457,,,,,,,,,,,,,,,,8,611,754,,,,,,
526,18854.8,6,662,457,,,,,,,,,,,,,,,,8,611,754,,,,,,
527,18886.4,6,662,457,,,,,,,,,,,,,,,,7,613,754,,,,,,
528,18919.7,6,662,457,,,,,,,,,,,,,,,,7,613,754,,,,,,
529,18949.6,6,662,457,,,,,,,,,,,,,,,,8,613,754,,,,,,
530,18985.6,6,662,457,,,,,,,,,,,,,,,,7,612,754,,,,,,
531,19017.3,6,662,457,,,,,,,,,,,,,,,,7,610,754,,,,,,
532,19049.2,6,662,457,,,,,,,,,,,,,,,,8,608,754,,,,,,
533,19085.1,6,662,458,,,,,,,,,,,,,,,,8,607,754,,,,,,
534,19117.2,6,662,458,,,,,,,,,,,,,,,,8,604,754,,,,,,
535,19149,6,663,458,,,,,,,,,,,,,,,,8,602,754,,,,,,
536,19185.2,6,663,459,,,,,,,,,,,,,,,,8,599,753,,,,,,
537,19217.3,6,664,460,,,,,,,,,,,,,,,,8,596,754,,,,,,
538,19249.2,6,665,462,,,,,,,,,,,,,,,,8,593,754,,,,,,
539,19316.8,6,669,467,,,,,,,,,,,,,,,,8,587,757,,,,,,
540,19384.8,6,673,474,,,,,,,,,,,,,,,,8,580,760,,,,,,
541,19417.2,6,674,478,,,,,,,,,,,,,,,,7,576,762,,,,,,
542,19450.5,6,675,482,,,,,,,,,,,,,,,,7,571,764,,,,,,
543,19485.3,6,676,486,,,,,,,,,,,,,,,,7,565,766,,,,,,
544,19517.3,6,677,491,,,,,,,,,,,,,,,,8,559,768,,,,,,
545,19551.4,6,676,495,,,,,,,,,,,,,,,,8,554,769,,,,,,
546,19586.1,6,676,500,,,,,,,,,,,,,,,,7,548,771,,,,,,
547,19617.4,6,677,504,,,,,,,,,,,,,,,,7,543,773,,,,,,
548,19649.2,6,677,509,,,,,,,,,,,,,,,,7,538,775,,,,,,
549,19686.5,6,678,513,,,,,,,,,,,,,,,,7,532,777,,,,,,
550,19717.1,6,678,518,,,,,,,,,,,,,,,,7,528,779,,,,,,
551,19749.3,6,678,523,,,,,,,,,,,,,,,,7,523,781,,,,,,
552,19785.1,6,678,528,,,,,,,,,,,,,,,,7,518,783,,,,,,
553,19817.3,6,678,534,,,,,,,,,,,,,,,,8,513,785,,,,,,
554,19849.6,6,678,539,,,,,,,,,,,,,,,,7,508,787,,,,,,
555,19885,6,678,545,,,,,,,,,,,,,,,,7,503,789,,,,,,
556,19917.2,6,677,549,,,,,,,,,,,,,,,,7,498,791,,,,,,
557,19984.9,6,677,557,,,,,,,,,,,,,,,,7,489,791,,,,,,
558,20017.2,6,678,559,,,,,,,,,,,,,,,,7,485,791,,,,,,
559,20051.4,6,678,560,,,,,,,,,,,,,,,,8,483,790,,,,,,
560,20085.1,6,678,561,,,,,,,,,,,,,,,,7,481,789,,,,,,
561,20117.2,6,678,561,,,,,,,,,,,,,,,,8,481,788,,,,,,
562,20184.7,6,678,560,,,,,,,,,,,,,,,,8,481,788,,,,,,
563,20217.1,6,678,561,,,,,,,,,,,,,,,,8,480,788,,,,,,
564,20251.4,6,678,560,,,,,,,,,,,,,,,,8,481,789,,,,,,
565,20295.4,6,678,561,,,,,,,,,,,,,,,,8,481,788,,,,,,
566,20318.6,6,678,561,,,,,,,,,,,,,,,,,,,,,,,,
567,20349.5,6,677,561,,,,,,,,,,,,,,,,,,,,,,,,
568,20385.3,6,677,561,,,,,,,,,,,,,,,,7,480,789,,,,,,
569,20417.7,6,677,561,,,,,,,,,,,,,,,,8,480,788,,,,,,
570,20449.4,6,678,561,,,,,,,,,,,,,,,,8,481,788,,,,,,
571,20485.5,6,678,561,,,,,,,,,,,,,,,,8,480,788,,,,,,
572,20517.6,6,678,561,,,,,,,,,,,,,,,,8,480,788,,,,,,
573,20550.3,7,677,561,,,,,,,,,,,,,,,,8,480,788,,,,,,
574,20585.3,6,677,560,,,,,,,,,,,,,,,,8,481,788,,,,,,
575,20617.9,6,677,560,,,,,,,,,,,,,,,,8,480,788,,,,,,
576,20649.4,7,678,560,,,,,,,,,,,,,,,,8,480,788,,,,,,
577,20685.6,7,678,561,,,,,,,,,,,,,,,,8,481,789,,,,,,
578,20717.9,6,678,561,,,,,,,,,,,,,,,,8,481,789,,,,,,
579,20749.5,6,678,561,,,,,,,,,,,,,,,,8,480,789,,,,,,
580,20785.1,6,678,562,,,,,,,,,,,,,,,,8,479,788,,,,,,
581,20817.3,7,678,563,,,,,,,,,,,,,,,,8,478,787,,,,,,
582,20849.6,6,679,564,,,,,,,,,,,,,,,,7,476,786,,,,,,
583,20885.3,6,680,565,,,,,,,,,,,,,,,,8,474,784,,,,,,
584,20917.2,6,682,567,,,,,,,,,,,,,,,,7,471,781,,,,,,
585,20949.8,6,684,569,,,,,,,,,,,,,,,,7,468,778,,,,,,
586,20985.3,6,686,572,,,,,,,,,,,,,,,,7,465,776,,,,,,
587,21019,6,689,575,,,,,,,,,,,,,,,,7,461,772,,,,,,
588,21049.4,6,690,579,,,,,,,,,,,,,,,,8,457,769,,,,,,
589,21085.2,6,693,582,,,,,,,,,,,,,,,,7,453,764,,,,,,
590,21149,7,691,585,,,,,,,,,,,,,,,,7,446,759,,,,,,
591,21187,6,689,585,,,,,,,,,,,,,,,,8,443,756,,,,,,
592,21219.5,6,688,584,,,,,,,,,,,,,,,,8,440,754,,,,,,
593,21285,6,685,584,,,,,,,,,,,,,,,,7,434,750,,,,,,
594,21317.5,6,683,584,,,,,,,,,,,,,,,,7,431,748,,,,,,
595,21384.9,6,678,584,,,,,,,,,,,,,,,,7,422,742,,,,,,
596,21417.4,6,675,584,,,,,,,,,,,,,,,,7,417,739,,,,,,
597,21454.9,6,671,584,,,,,,,,,,,,,,,,7,411,735,,,,,,
598,21516.9,6,666,585,,,,,,,,,,,,,,,,7,402,729,,,,,,
599,21549.4,6,664,587,,,,,,,,,,,,,,,,7,399,728,,,,,,
600,21585.2,6,662,589,,,,,,,,,,,,,,,,7,397,729,,,,,,
601,21619.6,7,662,589,,,,,,,,,,,,,,,,8,396,729,,,,,,
602,21658.3,7,662,589,,,,,,,,,,,,,,,,7,396,729,,,,,,
603,21685.3,7,662,589,,,,,,,,,,,,,,,,7,396,729,,,,,,
604,21717.7,7,662,589,,,,,,,,,,,,,,,,8,396,729,,,,,,
605,21749.4,7,662,589,,,,,,,,,,,,,,,,8,396,729,,,,,,
606,21786.5,6,662,588,,,,,,,,,,,,,,,,7,396,729,,,,,,
607,21817.5,5,662,590,,,,,,,,,,,,,,,,8,396,729,,,,,,
608,21849.5,6,662,589,,,,,,,,,,,,,,,,7,396,729,,,,,,
609,21885.1,6,662,589,,,,,,,,,,,,,,,,7,396,729,,,,,,
610,21917.3,6,662,589,,,,,,,,,,,,,,,,7,396,729,,,,,,
611,21950.1,6,662,589,,,,,,,,,,,,,,,,7,396,729,,,,,,
612,21985,6,662,589,,,,,,,,,,,,,,,,7,396,729,,,,,,
613,22018.2,6,662,589,,,,,,,,,,,,,,,,7,396,729,,,,,,
614,22085,6,662,589,,,,,,,,,,,,,,,,7,396,729,,,,,,
615,22119.4,6,662,589,,,,,,,,,,,,,,,,7,396,729,,,,,,
616,22155.4,6,662,589,,,,,,,,,,,,,,,,8,396,729,,,,,,
617,22188.1,6,663,589,,,,,,,,,,,,,,,,7,396,729,,,,,,
618,22217.4,6,663,590,,,,,,,,,,,,,,,,7,396,729,,,,,,
619,22249.4,6,663,590,,,,,,,,,,,,,,,,7,396,729,,,,,,
620,22285,6,662,591,,,,,,,,,,,,,,,,8,396,729,,,,,,
621,22319.4,6,662,593,,,,,,,,,,,,,,,,8,395,731,,,,,,
622,22349.4,6,662,595,,,,,,,,,,,,,,,,8,395,732,,,,,,
623,22385.3,6,661,595,,,,,,,,,,,,,,,,8,394,733,,,,,,
624,22419.6,6,661,595,,,,,,,,,,,,,,,,7,394,732,,,,,,
625,22449.7,6,661,595,,,,,,,,,,,,,,,,8,393,732,,,,,,
626,22485,6,661,595,,,,,,,,,,,,,,,,8,394,732,,,,,,
627,22517.5,6,661,595,,,,,,,,,,,,,,,,7,393,731,,,,,,
628,22549.2,6,661,595,,,,,,,,,,,,,,,,7,392,731,,,,,,
629,22585.2,6,660,595,,,,,,,,,,,,,,,,7,392,730,,,,,,
630,22617,6,660,594,,,,,,,,,,,,,,,,8,391,729,,,,,,
631,22650.3,6,658,594,,,,,,,,,,,,,,,,8,389,727,,,,,,
632,22716.9,6,654,592,,,,,,,,,,,,,,,,8,381,719,,,,,,
633,22749.4,6,652,592,,,,,,,,,,,,,,,,7,377,714,,,,,,
634,22817.1,6,647,590,,,,,,,,,,,,,,,,7,368,703,,,,,,
635,22849.6,6,645,590,,,,,,,,,,,,,,,,7,365,700,,,,,,
636,22887.8,6,643,591,,,,,,,,,,,,,,,,7,363,698,,,,,,
637,22917.1,6,642,592,,,,,,,,,,,,,,,,7,360,696,,,,,,
638,22949.3,6,640,592,,,,,,,,,,,,,,,,7,357,693,,,,,,
639,22987.5,6,639,593,,,,,,,,,,,,,,,,7,354,689,,,,,,
640,23017.1,6,636,593,,,,,,,,,,,,,,,,8,350,684,,,,,,
641,23049.5,6,634,593,,,,,,,,,,,,,,,,7,346,679,,,,,,
642,23085.1,6,632,593,,,,,,,,,,,,,,,,8,343,674,,,,,,
643,23117.1,6,630,592,,,,,,,,,,,,,,,,7,339,667,,,,,,
644,23150,6,628,591,,,,,,,,,,,,,,,,7,335,658,,,,,,
645,23183.2,6,626,589,,,,,,,,,,,,,,,,7,331,649,,,,,,
646,23217.5,6,624,587,,,,,,,,,,,,,,,,7,328,640,,,,,,
647,23249.7,6,623,585,,,,,,,,,,,,,,,,7,326,630,,,,,,
648,23316.9,6,621,582,,,,,,,,,,,,,,,,7,323,612,,,,,,
649,23349.7,6,621,580,,,,,,,,,,,,,,,,7,321,604,,,,,,
650,23387.4,6,620,579,,,,,,,,,,,,,,,,7,320,594,,,,,,
651,23417.9,6,620,576,,,,,,,,,,,,,,,,7,320,583,,,,,,
652,23449.3,6,620,573,,,,,,,,,,,,,,,,7,320,571,,,,,,
653,23485.3,6,620,571,,,,,,,,,,,,,,,,7,320,561,,,,,,
654,23518.7,6,621,569,,,,,,,,,,,,,,,,7,320,554,,,,,,
655,23551.5,6,621,569,,,,,,,,,,,,,,,,7,321,548,,,,,,
656,23585,6,621,569,,,,,,,,,,,,,,,,8,322,545,,,,,,
657,23617.3,6,622,569,,,,,,,,,,,,,,,,8,322,542,,,,,,
658,23649.5,6,622,569,,,,,,,,,,,,,,,,7,323,540,,,,,,
659,23685.5,6,622,569,,,,,,,,,,,,,,,,7,324,536,,,,,,
660,23718.1,6,623,570,,,,,,,,,,,,,,,,8,324,532,,,,,,
661,23749.8,6,623,569,,,,,,,,,,,,,,,,7,325,528,,,,,,
662,23785.6,6,624,569,,,,,,,,,,,,,,,,8,326,524,,,,,,
663,23819.5,6,624,568,,,,,,,,,,,,,,,,7,327,518,,,,,,
664,23849.9,6,624,567,,,,,,,,,,,,,,,,8,329,512,,,,,,
665,23885,6,625,566,,,,,,,,,,,,,,,,7,330,506,,,,,,
666,23917,6,625,567,,,,,,,,,,,,,,,,7,332,502,,,,,,
667,23951.5,6,625,567,,,,,,,,,,,,,,,,8,332,499,,,,,,
668,24016.9,6,625,568,,,,,,,,,,,,,,,,8,335,494,,,,,,
669,24084.8,6,626,569,,,,,,,,,,,,,,,,8,336,489,,,,,,
670,24117.2,6,626,570,,,,,,,,,,,,,,,,8,337,487,,,,,,
671,24149.7,6,626,571,,,,,,,,,,,,,,,,8,338,484,,,,,,
672,24185.2,6,626,571,,,,,,,,,,,,,,,,8,338,482,,,,,,
673,24217.3,6,626,572,,,,,,,,,,,,,,,,7,340,480,,,,,,
674,24249.4,6,626,572,,,,,,,,,,,,,,,,8,340,477,,,,,,
675,24285.1,6,626,572,,,,,,,,,,,,,,,,8,341,474,,,,,,
676,24317.2,6,626,572,,,,,,,,,,,,,,,,8,342,471,,,,,,
677,24349.1,6,625,573,,,,,,,,,,,,,,,,8,343,469,,,,,,
678,24385.2,6,625,573,,,,,,,,,,,,,,,,7,344,465,,,,,,
679,24417,6,625,573,,,,,,,,,,,,,,,,7,345,462,,,,,,
680,24449.4,6,625,573,,,,,,,,,,,,,,,,8,347,459,,,,,,
681,24485.1,6,625,572,,,,,,,,,,,,,,,,8,348,455,,,,,,
682,24517.1,6,624,572,,,,,,,,,,,,,,,,8,349,451,,,,,,
683,24549.3,6,624,572,,,,,,,,,,,,,,,,8,350,447,,,,,,
684,24585,6,623,571,,,,,,,,,,,,,,,,8,351,442,,,,,,
685,24619.2,6,622,571,,,,,,,,,,,,,,,,8,351,438,,,,,,
686,24684.9,6,619,569,,,,,,,,,,,,,,,,8,353,430,,,,,,
687,24717.6,6,618,568,,,,,,,,,,,,,,,,8,352,426,,,,,,
688,24749.3,6,614,567,,,,,,,,,,,,,,,,7,350,421,,,,,,
689,24788.9,6,609,566,,,,,,,,,,,,,,,,7,348,416,,,,,,
690,24817.6,6,604,565,,,,,,,,,,,,,,,,7,344,410,,,,,,
691,24849.5,6,599,563,,,,,,,,,,,,,,,,8,341,405,,,,,,
692,24885.3,6,595,561,,,,,,,,,,,,,,,,7,339,401,,,,,,
693,24917.4,6,592,559,,,,,,,,,,,,,,,,7,337,396,,,,,,
694,24949.1,6,589,557,,,,,,,,,,,,,,,,8,336,392,,,,,,
695,24985,6,587,554,,,,,,,,,,,,,,,,8,335,387,,,,,,
696,25019.5,6,585,551,,,,,,,,,,,,,,,,7,334,382,,,,,,
697,25049.2,6,582,548,,,,,,,,,,,,,,,,7,334,376,,,,,,
698,25085.4,6,580,545,,,,,,,,,,,,,,,,7,333,371,,,,,,
699,25121.4,6,578,542,,,,,,,,,,,,,,,,8,333,365,,,,,,
700,25150.8,6,577,539,,,,,,,,,,,,,,,,8,333,360,,,,,,
701,25185.2,6,575,536,,,,,,,,,,,,,,,,8,333,355,,,,,,
702,25217.4,6,573,533,,,,,,,,,,,,,,,,7,333,349,,,,,,
703,25249.4,6,571,531,,,,,,,,,,,,,,,,8,332,344,,,,,,
704,25285.1,6,569,528,,,,,,,,,,,,,,,,8,331,339,,,,,,
705,25317.4,6,566,525,,,,,,,,,,,,,,,,8,331,334,,,,,,
706,25349.5,6,564,522,,,,,,,,,,,,,,,,8,330,329,,,,,,
707,25386.5,6,560,519,,,,,,,,,,,,,,,,8,328,324,,,,,,
708,25417.9,6,557,516,,,,,,,,,,,,,,,,7,326,320,,,,,,
709,25450.2,6,554,513,,,,,,,,,,,,,,,,8,324,315,,,,,,
710,25485.6,6,551,511,,,,,,,,,,,,,,,,8,322,311,,,,,,
711,25517.6,6,547,508,,,,,,,,,,,,,,,,8,319,306,,,,,,
712,25551.1,6,544,506,,,,,,,,,,,,,,,,8,318,302,,,,,,
713,25587.7,6,541,504,,,,,,,,,,,,,,,,8,316,298,,,,,,
714,25617.7,6,537,501,,,,,,,,,,,,,,,,8,313,295,,,,,,
715,25649.5,6,534,500,,,,,,,,,,,,,,,,8,311,292,,,,,,
716,25686.7,6,530,498,,,,,,,,,,,,,,,,8,309,288,,,,,,
717,25717.8,6,526,496,,,,,,,,,,,,,,,,8,307,284,,,,,,
718,25749.3,6,523,495,,,,,,,,,,,,,,,,8,306,281,,,,,,
719,25786.9,6,520,494,,,,,,,,,,,,,,,,8,304,278,,,,,,
720,25820.4,6,516,492,,,,,,,,,,,,,,,,8,303,275,,,,,,
721,25849.6,6,513,492,,,,,,,,,,,,,,,,8,301,271,,,,,,
722,25885.1,6,509,492,,,,,,,,,,,,,,,,8,300,269,,,,,,
723,25917.5,6,505,492,,,,,,,,,,,,,,,,8,299,268,,,,,,
724,25949.7,6,501,494,,,,,,,,,,,,,,,,8,298,266,,,,,,
725,25985,6,498,495,,,,,,,,,,,,,,,,8,298,264,,,,,,
726,26017.1,6,496,496,,,,,,,,,,,,,,,,8,298,263,,,,,,
727,26049.5,6,494,497,,,,,,,,,,,,,,,,8,299,262,,,,,,
728,26085.4,6,493,498,,,,,,,,,,,,,,,,8,300,262,,,,,,
729,26117.2,6,492,499,,,,,,,,,,,,,,,,8,301,261,,,,,,
730,26149.4,6,493,499,,,,,,,,,,,,,,,,8,302,261,,,,,,
731,26216.9,6,494,501,,,,,,,,,,,,,,,,8,305,262,,,,,,
732,26249.3,6,495,501,,,,,,,,,,,,,,,,8,306,261,,,,,,
733,26289.3,6,496,502,,,,,,,,,,,,,,,,8,308,262,,,,,,
734,26317.9,6,499,503,,,,,,,,,,,,,,,,8,312,263,,,,,,
735,26349.4,6,501,504,,,,,,,,,,,,,,,,8,314,264,,,,,,
736,26385.2,6,505,505,,,,,,,,,,,,,,,,8,318,265,,,,,,
737,26449.1,6,512,507,,,,,,,,,,,,,,,,8,326,266,,,,,,
738,26487.5,6,516,508,,,,,,,,,,,,,,,,8,332,267,,,,,,
739,26517.2,6,520,509,,,,,,,,,,,,,,,,8,337,266,,,,,,
740,26549.5,6,525,509,,,,,,,,,,,,,,,,8,344,265,,,,,,
741,26587.5,5,531,509,,,,,,,,,,,,,,,,8,351,265,,,,,,
742,26617.2,5,536,510,,,,,,,,,,,,,,,,8,359,264,,,,,,
743,26649.2,6,542,510,,,,,,,,,,,,,,,,8,367,263,,,,,,
744,26685,6,547,511,,,,,,,,,,,,,,,,7,374,262,,,,,,
745,26719.5,6,552,512,,,,,,,,,,,,,,,,8,382,262,,,,,,
746,26749.4,6,558,513,,,,,,,,,,,,,,,,8,389,261,,,,,,
747,26785.1,6,563,513,,,,,,,,,,,,,,,,8,396,261,,,,,,
748,26817.3,6,569,514,,,,,,,,,,,,,,,,8,403,260,,,,,,
749,26849.4,6,574,515,,,,,,,,,,,,,,,,8,409,260,,,,,,
750,26885.3,6,578,516,,,,,,,,,,,,,,,,8,415,261,,,,,,
751,26949.5,6,588,518,,,,,,,,,,,,,,,,8,426,262,,,,,,
752,26985.1,6,593,519,,,,,,,,,,,,,,,,8,432,262,,,,,,
753,27019.4,6,597,520,,,,,,,,,,,,,,,,8,437,263,,,,,,
754,27049.9,6,601,521,,,,,,,,,,,,,,,,8,442,264,,,,,,
755,27089.2,6,606,522,,,,,,,,,,,,,,,,8,446,265,,,,,,
756,27117.7,6,610,524,,,,,,,,,,,,,,,,8,451,266,,,,,,
757,27149.3,6,614,525,,,,,,,,,,,,,,,,8,455,267,,,,,,
758,27216.9,6,623,527,,,,,,,,,,,,,,,,7,464,269,,,,,,
759,27249.4,6,626,528,,,,,,,,,,,,,,,,8,467,271,,,,,,
760,27291.5,6,629,529,,,,,,,,,,,,,,,,8,471,272,,,,,,
761,27319.5,6,634,531,,,,,,,,,,,,,,,,8,476,274,,,,,,
762,27352.8,6,637,533,,,,,,,,,,,,,,,,7,479,275,,,,,,
763,27385.4,6,641,535,,,,,,,,,,,,,,,,8,483,277,,,,,,
764,27417.4,6,645,537,,,,,,,,,,,,,,,,8,487,279,,,,,,
765,27449.6,6,648,538,,,,,,,,,,,,,,,,8,491,280,,,,,,
766,27486.9,6,652,539,,,,,,,,,,,,,,,,8,494,282,,,,,,
767,27517.1,6,656,540,,,,,,,,,,,,,,,,8,497,283,,,,,,
768,27549.8,6,659,542,,,,,,,,,,,,,,,,8,500,284,,,,,,
769,27617,6,666,544,,,,,,,,,,,,,,,,7,507,287,,,,,,
770,27649.2,6,669,546,,,,,,,,,,,,,,,,8,510,289,,,,,,
771,27685.3,6,673,547,,,,,,,,,,,,,,,,8,514,290,,,,,,
772,27749.1,6,679,550,,,,,,,,,,,,,,,,7,519,293,,,,,,
773,27785,6,682,552,,,,,,,,,,,,,,,,8,522,295,,,,,,
774,27819.5,6,684,554,,,,,,,,,,,,,,,,8,526,297,,,,,,
775,27851.1,6,687,555,,,,,,,,,,,,,,,,8,529,298,,,,,,
776,27949.2,6,695,560,,,,,,,,,,,,,,,,8,537,301,,,,,,
777,27985.6,6,697,560,,,,,,,,,,,,,,,,8,539,303,,,,,,
778,28085,6,705,565,,,,,,,,,,,,,,,,8,548,307,,,,,,
779,28117.4,6,708,566,,,,,,,,,,,,,,,,8,550,308,,,,,,
780,28149.3,6,710,568,,,,,,,,,,,,,,,,8,553,310,,,,,,
781,28189.2,6,713,570,,,,,,,,,,,,,,,,7,556,311,,,,,,
782,28217.7,6,716,571,,,,,,,,,,,,,,,,8,559,313,,,,,,
783,28249.6,6,718,573,,,,,,,,,,,,,,,,8,561,313,,,,,,
784,28285.5,6,720,574,,,,,,,,,,,,,,,,8,564,315,,,,,,
785,28317.2,6,722,575,,,,,,,,,,,,,,,,8,566,316,,,,,,
786,28349,6,725,577,,,,,,,,,,,,,,,,8,569,318,,,,,,
787,28385.1,6,727,578,,,,,,,,,,,,,,,,8,571,319,,,,,,
788,28423.5,6,729,580,,,,,,,,,,,,,,,,8,574,321,,,,,,
789,28450.3,6,731,582,,,,,,,,,,,,,,,,8,576,322,,,,,,
790,28485.2,6,733,583,,,,,,,,,,,,,,,,8,579,323,,,,,,
791,28520.7,6,736,584,,,,,,,,,,,,,,,,8,581,325,,,,,,
792,28549.4,6,738,586,,,,,,,,,,,,,,,,8,583,326,,,,,,
793,28585.2,6,740,588,,,,,,,,,,,,,,,,8,586,327,,,,,,
794,28617.5,6,742,589,,,,,,,,,,,,,,,,8,588,328,,,,,,
795,28649.9,6,744,590,,,,,,,,,,,,,,,,8,590,330,,,,,,
796,28717.1,6,748,593,,,,,,,,,,,,,,,,8,594,332,,,,,,
797,28752.3,6,750,594,,,,,,,,,,,,,,,,7,596,333,,,,,,
798,28785.2,6,751,595,,,,,,,,,,,,,,,,8,598,334,,,,,,
799,28817.6,6,753,596,,,,,,,,,,,,,,,,7,600,335,,,,,,
800,28885,6,757,598,,,,,,,,,,,,,,,,8,603,337,,,,,,
801,28917.3,6,759,599,,,,,,,,,,,,,,,,8,605,339,,,,,,
802,28949.3,6,761,600,,,,,,,,,,,,,,,,8,607,340,,,,,,
803,28985.1,6,763,602,,,,,,,,,,,,,,,,8,608,341,,,,,,
804,29017.1,6,765,602,,,,,,,,,,,,,,,,8,610,342,,,,,,
805,29049.2,6,767,603,,,,,,,,,,,,,,,,8,611,343,,,,,,
806,29085.9,6,768,604,,,,,,,,,,,,,,,,8,612,344,,,,,,
807,29123.5,6,770,604,,,,,,,,,,,,,,,,8,613,345,,,,,,
808,29149.6,6,773,605,,,,,,,,,,,,,,,,8,615,346,,,,,,
809,29187.4,6,774,605,,,,,,,,,,,,,,,,8,616,347,,,,,,
810,29217.4,6,778,605,,,,,,,,,,,,,,,,8,618,348,,,,,,
811,29249.4,6,782,605,,,,,,,,,,,,,,,,8,620,349,,,,,,
812,29285.1,6,786,605,,,,,,,,,,,,,,,,8,623,349,,,,,,
813,29317.2,6,790,604,,,,,,,,,,,,,,,,8,625,350,,,,,,
814,29349.3,6,794,604,,,,,,,,,,,,,,,,8,627,350,,,,,,
815,29385,6,799,604,,,,,,,,,,,,,,,,8,630,351,,,,,,
816,29417.4,6,803,603,,,,,,,,,,,,,,,,8,632,352,,,,,,
817,29449.6,6,805,603,,,,,,,,,,,,,,,,8,633,351,,,,,,
818,29485.3,6,807,602,,,,,,,,,,,,,,,,8,635,352,,,,,,
819,29517.2,6,810,601,,,,,,,,,,,,,,,,8,635,351,,,,,,
820,29617,6,811,597,,,,,,,,,,,,,,,,8,636,348,,,,,,
821,29649.6,6,811,596,,,,,,,,,,,,,,,,8,636,347,,,,,,
822,29687.4,6,809,594,,,,,,,,,,,,,,,,8,634,345,,,,,,
823,29717.4,6,808,592,,,,,,,,,,,,,,,,8,633,343,,,,,,
824,29751.5,6,806,592,,,,,,,,,,,,,,,,8,631,342,,,,,,
825,29786.3,6,802,591,,,,,,,,,,,,,,,,8,629,340,,,,,,
826,29817.5,6,799,592,,,,,,,,,,,,,,,,8,628,340,,,,,,
827,29851.5,6,796,592,,,,,,,,,,,,,,,,8,627,339,,,,,,
828,29885.1,6,793,592,,,,,,,,,,,,,,,,8,625,338,,,,,,
829,29917.3,6,791,592,,,,,,,,,,,,,,,,8,623,337,,,,,,
830,29949.5,6,787,591,,,,,,,,,,,,,,,,8,620,337,,,,,,
831,29985.3,6,784,591,,,,,,,,,,,,,,,,7,614,338,,,,,,
832,30017.5,6,779,590,,,,,,,,,,,,,,,,7,607,339,,,,,,
833,30049.2,6,773,591,,,,,,,,,,,,,,,,7,597,343,,,,,,
834,30085.2,6,766,592,,,,,,,,,,,,,,,,7,584,348,,,,,,
835,30117.8,5,757,593,,,,,,,,,,,,,,,,7,568,355,,,,,,
836,30149.5,5,747,596,,,,,,,,,,,,,,,,7,552,363,,,,,,
837,30186.3,5,738,598,,,,,,,,,,,,,,,,7,536,372,,,,,,
838,30249.1,5,718,605,,,,,,,,,,,,,,,,6,501,392,,,,,,
839,30285.3,6,707,609,,,,,,,,,,,,,,,,6,486,404,,,,,,
840,30317.4,6,698,614,,,,,,,,,,,,,,,,7,471,415,,,,,,
841,30359.1,5,691,619,,,,,,,,,,,,,,,,6,457,427,,,,,,
842,30386.8,6,683,623,,,,,,,,,,,,,,,,7,445,438,,,,,,
843,30417.6,6,677,628,,,,,,,,,,,,,,,,7,435,450,,,,,,
844,30449.5,6,673,633,,,,,,,,,,,,,,,,7,425,460,,,,,,
845,30485.3,6,669,637,,,,,,,,,,,,,,,,7,418,471,,,,,,
846,30517.3,6,666,641,,,,,,,,,,,,,,,,7,412,480,,,,,,
847,30549.5,6,663,646,,,,,,,,,,,,,,,,7,406,489,,,,,,
848,30585.3,6,661,650,,,,,,,,,,,,,,,,7,402,496,,,,,,
849,30617.7,6,659,653,,,,,,,,,,,,,,,,7,398,505,,,,,,
850,30649.8,6,658,657,,,,,,,,,,,,,,,,7,395,511,,,,,,
851,30686.2,6,657,661,,,,,,,,,,,,,,,,7,392,518,,,,,,
852,30719.5,6,657,664,,,,,,,,,,,,,,,,7,390,524,,,,,,
853,30785,6,655,671,,,,,,,,,,,,,,,,7,386,537,,,,,,
854,30817.2,6,655,674,,,,,,,,,,,,,,,,7,384,544,,,,,,
855,30849.4,6,655,678,,,,,,,,,,,,,,,,7,382,550,,,,,,
856,30885.3,6,654,681,,,,,,,,,,,,,,,,7,380,556,,,,,,
857,30917.2,6,653,684,,,,,,,,,,,,,,,,8,378,563,,,,,,
858,30949.4,6,653,688,,,,,,,,,,,,,,,,7,376,571,,,,,,
859,30985.7,6,652,691,,,,,,,,,,,,,,,,7,373,577,,,,,,
860,31017.7,6,651,694,,,,,,,,,,,,,,,,7,371,584,,,,,,
861,31049.4,6,650,697,,,,,,,,,,,,,,,,7,368,590,,,,,,
862,31085.6,6,649,698,,,,,,,,,,,,,,,,7,367,592,,,,,,
863,31119.5,6,649,698,,,,,,,,,,,,,,,,8,367,592,,,,,,
864,31149.3,6,649,698,,,,,,,,,,,,,,,,8,367,592,,,,,,
865,31217.1,6,647,697,,,,,,,,,,,,,,,,7,365,594,,,,,,
866,31249.3,6,647,697,,,,,,,,,,,,,,,,7,364,595,,,,,,
867,31285.2,6,647,697,,,,,,,,,,,,,,,,8,363,595,,,,,,
868,31318.9,6,646,697,,,,,,,,,,,,,,,,8,362,595,,,,,,
869,31349.8,6,646,696,,,,,,,,,,,,,,,,8,362,596,,,,,,
870,31385.7,6,645,695,,,,,,,,,,,,,,,,8,361,596,,,,,,
871,31417.4,6,645,694,,,,,,,,,,,,,,,,7,360,596,,,,,,
872,31449.4,6,644,693,,,,,,,,,,,,,,,,7,359,596,,,,,,
873,31485.1,6,643,692,,,,,,,,,,,,,,,,8,358,596,,,,,,
874,31517.4,6,643,690,,,,,,,,,,,,,,,,7,356,596,,,,,,
875,31549.4,6,642,689,,,,,,,,,,,,,,,,8,356,596,,,,,,
876,31585.2,6,642,687,,,,,,,,,,,,,,,,8,355,596,,,,,,
877,31617.4,6,641,686,,,,,,,,,,,,,,,,8,354,596,,,,,,
878,31649.8,6,640,684,,,,,,,,,,,,,,,,8,353,595,,,,,,
879,31685.8,6,640,682,,,,,,,,,,,,,,,,8,352,595,,,,,,
880,31717.9,6,639,680,,,,,,,,,,,,,,,,8,350,595,,,,,,
881,31817.2,6,637,671,,,,,,,,,,,,,,,,8,347,591,,,,,,
882,31850.5,6,636,667,,,,,,,,,,,,,,,,8,345,589,,,,,,
883,31917,6,635,659,,,,,,,,,,,,,,,,8,343,584,,,,,,
884,31950.1,6,634,655,,,,,,,,,,,,,,,,7,342,582,,,,,,
885,31985.3,6,633,651,,,,,,,,,,,,,,,,8,342,580,,,,,,
886,32049.2,6,632,643,,,,,,,,,,,,,,,,8,339,575,,,,,,
887,32085.5,6,632,640,,,,,,,,,,,,,,,,7,338,573,,,,,,
888,32125,6,631,636,,,,,,,,,,,,,,,,7,337,571,,,,,,
889,32149.7,6,630,632,,,,,,,,,,,,,,,,8,336,569,,,,,,
890,32185.6,6,630,628,,,,,,,,,,,,,,,,8,336,566,,,,,,
891,32218.1,6,630,624,,,,,,,,,,,,,,,,7,335,563,,,,,,
892,32250.7,6,630,621,,,,,,,,,,,,,,,,8,335,560,,,,,,
893,32285.2,6,630,618,,,,,,,,,,,,,,,,8,336,557,,,,,,
894,32318,6,630,615,,,,,,,,,,,,,,,,8,336,553,,,,,,
895,32385,6,630,607,,,,,,,,,,,,,,,,7,337,541,,,,,,
896,32418.5,6,631,602,,,,,,,,,,,,,,,,7,338,535,,,,,,
897,32449.9,6,632,598,,,,,,,,,,,,,,,,7,340,527,,,,,,
898,32485.7,6,633,592,,,,,,,,,,,,,,,,7,342,518,,,,,,
899,32517.3,6,635,587,,,,,,,,,,,,,,,,7,344,508,,,,,,
900,32549.5,6,636,581,,,,,,,,,,,,,,,,7,347,499,,,,,,
901,32585.1,6,638,575,,,,,,,,,,,,,,,,7,349,489,,,,,,
902,32617,6,639,570,,,,,,,,,,,,,,,,7,353,479,,,,,,
903,32649.4,6,642,565,,,,,,,,,,,,,,,,7,356,470,,,,,,
904,32687.6,6,643,560,,,,,,,,,,,,,,,,7,359,461,,,,,,
905,32726.8,6,645,556,,,,,,,,,,,,,,,,7,362,453,,,,,,
906,32751.6,6,647,552,,,,,,,,,,,,,,,,7,366,445,,,,,,
907,32785.6,6,649,548,,,,,,,,,,,,,,,,7,369,438,,,,,,
908,32818.1,6,651,545,,,,,,,,,,,,,,,,7,372,432,,,,,,
909,32849.3,6,653,542,,,,,,,,,,,,,,,,7,375,426,,,,,,
910,32885.2,6,655,540,,,,,,,,,,,,,,,,7,379,420,,,,,,
911,32917.3,6,657,538,,,,,,,,,,,,,,,,7,383,414,,,,,,
912,32949.4,6,660,535,,,,,,,,,,,,,,,,7,387,407,,,,,,
913,32985.2,6,662,533,,,,,,,,,,,,,,,,8,391,401,,,,,,
914,33017.3,6,665,531,,,,,,,,,,,,,,,,7,396,395,,,,,,
915,33049.5,6,667,529,,,,,,,,,,,,,,,,7,401,389,,,,,,
916,33085.5,6,670,527,,,,,,,,,,,,,,,,7,405,384,,,,,,
917,33118.1,6,672,527,,,,,,,,,,,,,,,,8,409,379,,,,,,
918,33149.5,6,674,526,,,,,,,,,,,,,,,,8,414,375,,,,,,
919,33187.4,6,676,526,,,,,,,,,,,,,,,,8,417,371,,,,,,
920,33217.4,6,678,526,,,,,,,,,,,,,,,,8,421,368,,,,,,
921,33249.4,6,679,527,,,,,,,,,,,,,,,,8,424,365,,,,,,
922,33285.2,6,679,527,,,,,,,,,,,,,,,,8,426,363,,,,,,
923,33317.4,6,679,528,,,,,,,,,,,,,,,,8,429,360,,,,,,
924,33385,6,679,530,,,,,,,,,,,,,,,,8,433,355,,,,,,
925,33417.8,6,679,530,,,,,,,,,,,,,,,,7,435,352,,,,,,
926,33451.9,6,678,531,,,,,,,,,,,,,,,,8,437,350,,,,,,
927,33517.1,6,676,533,,,,,,,,,,,,,,,,8,439,346,,,,,,
928,33551.4,6,674,534,,,,,,,,,,,,,,,,8,439,343,,,,,,
929,33587.6,6,672,534,,,,,,,,,,,,,,,,8,439,342,,,,,,
930,33617.5,6,670,535,,,,,,,,,,,,,,,,7,439,340,,,,,,
931,33649.3,6,666,536,,,,,,,,,,,,,,,,8,438,337,,,,,,
932,33686.2,6,662,537,,,,,,,,,,,,,,,,7,437,335,,,,,,
933,33717.4,6,658,538,,,,,,,,,,,,,,,,8,437,334,,,,,,
934,33749.8,6,656,540,,,,,,,,,,,,,,,,8,436,333,,,,,,
935,33787.5,6,655,542,,,,,,,,,,,,,,,,7,436,333,,,,,,
936,33817.6,6,653,543,,,,,,,,,,,,,,,,7,436,332,,,,,,
937,33849.4,6,652,544,,,,,,,,,,,,,,,,8,436,332,,,,,,
938,33886.5,6,650,545,,,,,,,,,,,,,,,,8,436,332,,,,,,
939,33919.4,6,649,546,,,,,,,,,,,,,,,,8,437,331,,,,,,
940,33952.9,6,648,548,,,,,,,,,,,,,,,,8,437,331,,,,,,
941,33985.4,6,647,550,,,,,,,,,,,,,,,,7,438,333,,,,,,
942,34019.6,6,645,554,,,,,,,,,,,,,,,,8,438,335,,,,,,
943,34049.7,6,645,558,,,,,,,,,,,,,,,,8,439,337,,,,,,
944,34085.6,6,644,562,,,,,,,,,,,,,,,,8,440,340,,,,,,
945,34122.3,6,643,566,,,,,,,,,,,,,,,,8,440,343,,,,,,
946,34149.5,6,642,570,,,,,,,,,,,,,,,,8,441,346,,,,,,
947,34185.9,6,641,574,,,,,,,,,,,,,,,,8,441,348,,,,,,
948,34217.8,6,641,578,,,,,,,,,,,,,,,,8,442,352,,,,,,
949,34249.6,6,640,582,,,,,,,,,,,,,,,,8,443,355,,,,,,
950,34285,6,640,586,,,,,,,,,,,,,,,,8,443,358,,,,,,
951,34317.1,6,639,590,,,,,,,,,,,,,,,,8,444,361,,,,,,
952,34349.2,6,638,594,,,,,,,,,,,,,,,,8,444,364,,,,,,
953,34385.4,6,638,598,,,,,,,,,,,,,,,,8,444,368,,,,,,
954,34418.6,6,638,601,,,,,,,,,,,,,,,,7,444,371,,,,,,
955,34449.6,6,637,605,,,,,,,,,,,,,,,,7,443,375,,,,,,
956,34485.8,6,636,609,,,,,,,,,,,,,,,,7,441,380,,,,,,
957,34519.5,6,635,613,,,,,,,,,,,,,,,,7,438,386,,,,,,
958,34551.6,6,633,617,,,,,,,,,,,,,,,,7,434,392,,,,,,
959,34585.3,6,631,622,,,,,,,,,,,,,,,,7,429,399,,,,,,
960,34617.3,6,629,626,,,,,,,,,,,,,,,,7,423,407,,,,,,
961,34649.6,6,626,632,,,,,,,,,,,,,,,,7,417,416,,,,,,
962,34685.2,6,623,637,,,,,,,,,,,,,,,,7,410,425,,,,,,
963,34719.2,6,619,643,,,,,,,,,,,,,,,,7,402,435,,,,,,
964,34749.6,5,617,649,,,,,,,,,,,,,,,,7,395,445,,,,,,
965,34785.7,6,613,654,,,,,,,,,,,,,,,,7,387,456,,,,,,
966,34817.5,5,611,660,,,,,,,,,,,,,,,,7,380,466,,,,,,
967,34849.6,6,607,665,,,,,,,,,,,,,,,,7,374,476,,,,,,
968,34885.2,6,605,670,,,,,,,,,,,,,,,,7,367,485,,,,,,
969,34917.4,6,602,675,,,,,,,,,,,,,,,,7,362,495,,,,,,
970,34949.4,6,601,679,,,,,,,,,,,,,,,,7,356,503,,,,,,
971,34985.5,6,599,682,,,,,,,,,,,,,,,,7,352,511,,,,,,
972,35017.6,6,599,684,,,,,,,,,,,,,,,,7,349,517,,,,,,
973,35049.8,6,598,686,,,,,,,,,,,,,,,,7,345,522,,,,,,
974,35085.6,6,598,687,,,,,,,,,,,,,,,,8,343,527,,,,,,
975,35149.1,6,598,686,,,,,,,,,,,,,,,,8,338,535,,,,,,
976,35185.3,6,600,684,,,,,,,,,,,,,,,,8,337,538,,,,,,
977,35217.4,6,600,683,,,,,,,,,,,,,,,,8,336,541,,,,,,
978,35249.6,6,601,681,,,,,,,,,,,,,,,,8,334,542,,,,,,
979,35285.3,6,602,680,,,,,,,,,,,,,,,,7,333,544,,,,,,
980,35317.3,6,603,678,,,,,,,,,,,,,,,,8,332,547,,,,,,
981,35349.8,6,604,676,,,,,,,,,,,,,,,,8,331,549,,,,,,
982,35385.3,6,603,675,,,,,,,,,,,,,,,,8,330,549,,,,,,
983,35417.6,6,603,673,,,,,,,,,,,,,,,,8,329,550,,,,,,
984,35449.6,6,602,669,,,,,,,,,,,,,,,,7,326,549,,,,,,
985,35485.5,6,602,666,,,,,,,,,,,,,,,,8,326,547,,,,,,
986,35517.5,6,603,662,,,,,,,,,,,,,,,,8,326,547,,,,,,
987,35549.3,6,604,658,,,,,,,,,,,,,,,,8,325,546,,,,,,
988,35585.4,6,604,655,,,,,,,,,,,,,,,,8,325,544,,,,,,
989,35624.6,6,605,653,,,,,,,,,,,,,,,,8,325,543,,,,,,
990,35649.3,6,604,651,,,,,,,,,,,,,,,,8,324,543,,,,,,
991,35685.5,6,604,649,,,,,,,,,,,,,,,,8,323,541,,,,,,
992,35717.3,6,604,646,,,,,,,,,,,,,,,,8,323,541,,,,,,
993,35749.2,6,604,643,,,,,,,,,,,,,,,,8,323,538,,,,,,
994,35787,6,605,640,,,,,,,,,,,,,,,,8,323,538,,,,,,
995,35817.2,6,605,638,,,,,,,,,,,,,,,,8,322,535,,,,,,
996,35849.5,6,605,635,,,,,,,,,,,,,,,,8,322,534,,,,,,
997,35885.2,6,606,633,,,,,,,,,,,,,,,,8,323,532,,,,,,
998,35925.1,6,606,629,,,,,,,,,,,,,,,,8,323,529,,,,,,
999,35949.3,6,607,626,,,,,,,,,,,,,,,,8,324,526,,,,,,
1000,35985.2,6,608,623,,,,,,,,,,,,,,,,8,325,522,,,,,,
1001,36017.4,6,610,619,,,,,,,,,,,,,,,,8,326,518,,,,,,
1002,36049.6,6,611,615,,,,,,,,,,,,,,,,7,328,513,,,,,,
1003,36085.1,6,612,612,,,,,,,,,,,,,,,,7,330,509,,,,,,
1004,36117.8,6,614,607,,,,,,,,,,,,,,,,8,332,503,,,,,,
1005,36149.4,6,616,603,,,,,,,,,,,,,,,,7,334,497,,,,,,
1006,36185.7,6,618,599,,,,,,,,,,,,,,,,7,337,491,,,,,,
1007,36219.5,6,619,594,,,,,,,,,,,,,,,,7,340,484,,,,,,
1008,36249.5,6,622,589,,,,,,,,,,,,,,,,7,343,476,,,,,,
1009,36285.3,6,624,584,,,,,,,,,,,,,,,,7,347,469,,,,,,
1010,36317.4,6,626,579,,,,,,,,,,,,,,,,7,350,460,,,,,,
1011,36349.6,6,629,574,,,,,,,,,,,,,,,,7,354,451,,,,,,
1012,36385.2,6,632,568,,,,,,,,,,,,,,,,7,359,442,,,,,,
1013,36417.4,6,635,563,,,,,,,,,,,,,,,,7,363,433,,,,,,
1014,36449.5,6,638,558,,,,,,,,,,,,,,,,7,368,424,,,,,,
1015,36485.2,6,641,552,,,,,,,,,,,,,,,,7,373,414,,,,,,
1016,36519.5,6,644,547,,,,,,,,,,,,,,,,7,378,405,,,,,,
1017,36551.4,6,647,542,,,,,,,,,,,,,,,,7,383,396,,,,,,
1018,36587.5,6,650,537,,,,,,,,,,,,,,,,7,389,387,,,,,,
1019,36617.6,6,654,533,,,,,,,,,,,,,,,,7,394,379,,,,,,
1020,36649.5,6,656,529,,,,,,,,,,,,,,,,7,399,371,,,,,,
1021,36685.1,6,659,525,,,,,,,,,,,,,,,,7,404,364,,,,,,
1022,36718.7,6,662,522,,,,,,,,,,,,,,,,8,408,357,,,,,,
1023,36750.8,6,664,519,,,,,,,,,,,,,,,,7,412,352,,,,,,
1024,36786.1,6,666,516,,,,,,,,,,,,,,,,7,416,347,,,,,,
1025,36818.8,6,668,514,,,,,,,,,,,,,,,,8,420,342,,,,,,
1026,36849.7,6,671,512,,,,,,,,,,,,,,,,7,425,338,,,,,,
1027,36885.9,6,674,511,,,,,,,,,,,,,,,,8,429,334,,,,,,
1028,36919.5,6,677,509,,,,,,,,,,,,,,,,7,433,330,,,,,,
1029,36949.4,6,679,508,,,,,,,,,,,,,,,,7,438,327,,,,,,
1030,36985.3,6,682,507,,,,,,,,,,,,,,,,8,442,323,,,,,,
1031,37017.3,6,685,506,,,,,,,,,,,,,,,,8,446,319,,,,,,
1032,37049.4,6,687,504,,,,,,,,,,,,,,,,8,451,316,,,,,,
1033,37085.5,6,689,504,,,,,,,,,,,,,,,,7,455,312,,,,,,
1034,37117.8,6,691,503,,,,,,,,,,,,,,,,7,460,308,,,,,,
1035,37149.3,6,694,502,,,,,,,,,,,,,,,,7,465,304,,,,,,
1036,37185.3,6,696,501,,,,,,,,,,,,,,,,8,469,301,,,,,,
1037,37217.3,6,697,501,,,,,,,,,,,,,,,,8,473,297,,,,,,
1038,37249.6,6,699,501,,,,,,,,,,,,,,,,8,477,294,,,,,,
1039,37285.3,6,700,501,,,,,,,,,,,,,,,,8,481,291,,,,,,
1040,37318,6,701,501,,,,,,,,,,,,,,,,8,485,289,,,,,,
1041,37350.6,6,702,501,,,,,,,,,,,,,,,,8,488,286,,,,,,
1042,37385.2,6,703,502,,,,,,,,,,,,,,,,7,491,285,,,,,,
1043,37449,6,702,504,,,,,,,,,,,,,,,,8,496,282,,,,,,
1044,37485.5,6,702,504,,,,,,,,,,,,,,,,8,498,279,,,,,,
1045,37519.5,6,701,506,,,,,,,,,,,,,,,,8,501,277,,,,,,
1046,37549.4,6,701,506,,,,,,,,,,,,,,,,8,504,276,,,,,,
1047,37585.3,6,700,507,,,,,,,,,,,,,,,,8,506,274,,,,,,
1048,37617.5,6,699,509,,,,,,,,,,,,,,,,8,510,273,,,,,,
1049,37685.1,6,697,511,,,,,,,,,,,,,,,,8,515,268,,,,,,
1050,37749.2,6,695,512,,,,,,,,,,,,,,,,8,520,265,,,,,,
1051,37786.1,6,693,513,,,,,,,,,,,,,,,,8,522,263,,,,,,
1052,37817.7,6,691,515,,,,,,,,,,,,,,,,8,523,262,,,,,,
1053,37849.9,6,690,517,,,,,,,,,,,,,,,,8,526,262,,,,,,
1054,37885.3,6,689,520,,,,,,,,,,,,,,,,8,528,263,,,,,,
1055,37917.5,6,688,523,,,,,,,,,,,,,,,,8,528,265,,,,,,
1056,37950.6,6,686,525,,,,,,,,,,,,,,,,8,529,266,,,,,,
1057,37985.4,6,685,528,,,,,,,,,,,,,,,,8,529,268,,,,,,
1058,38019.5,6,683,531,,,,,,,,,,,,,,,,8,528,270,,,,,,
1059,38053.3,6,681,534,,,,,,,,,,,,,,,,8,528,272,,,,,,
1060,38085.1,6,679,537,,,,,,,,,,,,,,,,8,528,275,,,,,,
1061,38117.2,6,678,540,,,,,,,,,,,,,,,,8,527,277,,,,,,
1062,38151.9,6,677,543,,,,,,,,,,,,,,,,8,526,280,,,,,,
1063,38185.5,6,675,546,,,,,,,,,,,,,,,,8,524,283,,,,,,
1064,38218.1,6,674,549,,,,,,,,,,,,,,,,8,522,286,,,,,,
1065,38255,6,672,551,,,,,,,,,,,,,,,,8,519,290,,,,,,
1066,38287.5,6,670,553,,,,,,,,,,,,,,,,8,516,293,,,,,,
1067,38317.4,6,668,556,,,,,,,,,,,,,,,,7,513,297,,,,,,
1068,38349.4,6,667,559,,,,,,,,,,,,,,,,8,509,301,,,,,,
1069,38385.7,6,665,561,,,,,,,,,,,,,,,,8,506,305,,,,,,
1070,38417.3,6,663,564,,,,,,,,,,,,,,,,7,502,309,,,,,,
1071,38449.5,6,661,567,,,,,,,,,,,,,,,,7,498,313,,,,,,
1072,38485.3,6,659,570,,,,,,,,,,,,,,,,7,494,317,,,,,,
1073,38517.6,6,657,573,,,,,,,,,,,,,,,,7,490,322,,,,,,
1074,38549.5,6,655,576,,,,,,,,,,,,,,,,7,486,326,,,,,,
1075,38585.5,6,653,579,,,,,,,,,,,,,,,,8,482,330,,,,,,
1076,38618,6,651,581,,,,,,,,,,,,,,,,8,478,334,,,,,,
1077,38685.2,6,648,585,,,,,,,,,,,,,,,,8,473,340,,,,,,
1078,38726.3,6,648,586,,,,,,,,,,,,,,,,8,472,341,,,,,,
1079,38785.2,6,648,586,,,,,,,,,,,,,,,,8,471,341,,,,,,
1080,38817.2,6,648,586,,,,,,,,,,,,,,,,8,471,341,,,,,,
1081,38849.5,6,648,586,,,,,,,,,,,,,,,,8,471,342,,,,,,
1082,38885.3,6,648,586,,,,,,,,,,,,,,,,8,471,342,,,,,,
1083,38917.4,6,648,586,,,,,,,,,,,,,,,,8,471,342,,,,,,
1084,38949.6,6,648,587,,,,,,,,,,,,,,,,7,471,342,,,,,,
1085,38985.2,6,648,586,,,,,,,,,,,,,,,,8,471,342,,,,,,
1086,39017.2,6,648,586,,,,,,,,,,,,,,,,7,470,342,,,,,,
1087,39049.5,6,648,586,,,,,,,,,,,,,,,,8,470,342,,,,,,
1088,39085.6,6,647,585,,,,,,,,,,,,,,,,8,468,342,,,,,,
1089,39117.2,6,646,584,,,,,,,,,,,,,,,,8,466,342,,,,,,
1090,39185,6,644,583,,,,,,,,,,,,,,,,8,461,343,,,,,,
1091,39217.5,6,643,582,,,,,,,,,,,,,,,,8,458,343,,,,,,
1092,39251.1,6,641,582,,,,,,,,,,,,,,,,7,455,345,,,,,,
1093,39290.6,6,639,582,,,,,,,,,,,,,,,,8,450,347,,,,,,
1094,39318.6,6,637,582,,,,,,,,,,,,,,,,8,445,349,,,,,,
1095,39349.2,6,635,582,,,,,,,,,,,,,,,,7,441,351,,,,,,
1096,39385.1,6,633,582,,,,,,,,,,,,,,,,7,437,353,,,,,,
1097,39417.4,6,631,582,,,,,,,,,,,,,,,,7,431,356,,,,,,
1098,39449.7,6,627,583,,,,,,,,,,,,,,,,8,424,360,,,,,,
1099,39485.4,6,624,584,,,,,,,,,,,,,,,,7,417,364,,,,,,
1100,39517.1,6,621,585,,,,,,,,,,,,,,,,7,411,369,,,,,,
1101,39549.2,6,617,587,,,,,,,,,,,,,,,,8,403,374,,,,,,
1102,39586.2,6,613,588,,,,,,,,,,,,,,,,7,396,380,,,,,,
1103,39618,6,610,589,,,,,,,,,,,,,,,,7,389,384,,,,,,
1104,39652,6,607,590,,,,,,,,,,,,,,,,7,382,390,,,,,,
1105,39685.2,6,605,591,,,,,,,,,,,,,,,,7,377,394,,,,,,
1106,39719.6,6,603,592,,,,,,,,,,,,,,,,8,372,399,,,,,,
1107,39750.2,6,601,592,,,,,,,,,,,,,,,,7,368,402,,,,,,
1108,39785.3,6,601,591,,,,,,,,,,,,,,,,7,365,404,,,,,,
1109,39817.4,6,601,591,,,,,,,,,,,,,,,,8,362,406,,,,,,
1110,39849.6,6,601,590,,,,,,,,,,,,,,,,8,360,408,,,,,,
1111,39885.6,6,601,589,,,,,,,,,,,,,,,,8,359,412,,,,,,
1112,39917.3,6,602,589,,,,,,,,,,,,,,,,7,357,414,,,,,,
1113,39949.5,6,603,589,,,,,,,,,,,,,,,,7,356,417,,,,,,
1114,39985.5,6,604,589,,,,,,,,,,,,,,,,8,355,420,,,,,,
1115,40018.3,6,605,590,,,,,,,,,,,,,,,,8,355,423,,,,,,
1116,40050.2,6,606,591,,,,,,,,,,,,,,,,8,354,426,,,,,,
1117,40085.7,6,607,593,,,,,,,,,,,,,,,,7,354,431,,,,,,
1118,40117.4,6,608,595,,,,,,,,,,,,,,,,8,354,436,,,,,,
1119,40149.9,6,609,598,,,,,,,,,,,,,,,,7,353,441,,,,,,
1120,40217.2,6,611,605,,,,,,,,,,,,,,,,7,352,453,,,,,,
1121,40249.4,6,611,609,,,,,,,,,,,,,,,,7,351,459,,,,,,
1122,40285.3,6,612,613,,,,,,,,,,,,,,,,7,350,465,,,,,,
1123,40317.3,6,613,616,,,,,,,,,,,,,,,,7,350,471,,,,,,
1124,40349.7,6,614,619,,,,,,,,,,,,,,,,8,350,475,,,,,,
1125,40385.9,6,615,622,,,,,,,,,,,,,,,,7,350,480,,,,,,
1126,40449.1,6,618,626,,,,,,,,,,,,,,,,8,352,484,,,,,,
1127,40487.4,6,619,627,,,,,,,,,,,,,,,,7,354,485,,,,,,
1128,40519.5,6,620,629,,,,,,,,,,,,,,,,8,355,486,,,,,,
1129,40555.4,6,622,631,,,,,,,,,,,,,,,,7,358,487,,,,,,
1130,40585.2,6,623,633,,,,,,,,,,,,,,,,8,360,487,,,,,,
1131,40617.4,6,623,636,,,,,,,,,,,,,,,,8,361,487,,,,,,
1132,40649.8,6,623,637,,,,,,,,,,,,,,,,7,363,486,,,,,,
1133,40688.5,6,624,639,,,,,,,,,,,,,,,,8,366,486,,,,,,
1134,40717.4,6,624,641,,,,,,,,,,,,,,,,8,368,484,,,,,,
1135,40749.6,6,625,643,,,,,,,,,,,,,,,,7,370,484,,,,,,
1136,40817,6,625,645,,,,,,,,,,,,,,,,7,374,480,,,,,,
1137,40849.7,6,626,646,,,,,,,,,,,,,,,,8,377,478,,,,,,
1138,40885.7,6,627,646,,,,,,,,,,,,,,,,8,379,477,,,,,,
1139,40923.9,6,628,647,,,,,,,,,,,,,,,,8,381,475,,,,,,
1140,40949.6,6,628,647,,,,,,,,,,,,,,,,8,383,472,,,,,,
1141,40985.6,6,630,646,,,,,,,,,,,,,,,,8,386,469,,,,,,
1142,41017.2,6,631,645,,,,,,,,,,,,,,,,8,389,466,,,,,,
1143,41049.4,6,632,644,,,,,,,,,,,,,,,,8,391,463,,,,,,
1144,41085.1,6,633,643,,,,,,,,,,,,,,,,7,395,459,,,,,,
1145,41117.3,6,635,641,,,,,,,,,,,,,,,,7,399,454,,,,,,
1146,41149.3,6,637,638,,,,,,,,,,,,,,,,7,403,449,,,,,,
1147,41185.2,6,638,637,,,,,,,,,,,,,,,,7,408,443,,,,,,
1148,41217.4,6,641,634,,,,,,,,,,,,,,,,7,412,438,,,,,,
1149,41249.6,6,643,632,,,,,,,,,,,,,,,,7,417,433,,,,,,
1150,41285.5,6,645,630,,,,,,,,,,,,,,,,8,421,428,,,,,,
1151,41349.2,6,649,627,,,,,,,,,,,,,,,,8,429,421,,,,,,
1152,41385.1,6,650,625,,,,,,,,,,,,,,,,8,432,417,,,,,,
1153,41420.1,6,652,624,,,,,,,,,,,,,,,,7,435,414,,,,,,
1154,41462.8,6,653,622,,,,,,,,,,,,,,,,7,438,411,,,,,,
1155,41485.2,6,654,621,,,,,,,,,,,,,,,,8,440,409,,,,,,
1156,41517.3,6,655,621,,,,,,,,,,,,,,,,8,443,406,,,,,,
1157,41549.7,6,656,620,,,,,,,,,,,,,,,,8,444,405,,,,,,
1158,41585.6,6,657,619,,,,,,,,,,,,,,,,8,445,404,,,,,,
1159,41619.5,6,657,619,,,,,,,,,,,,,,,,8,446,403,,,,,,
1160,41653.2,6,657,619,,,,,,,,,,,,,,,,8,446,403,,,,,,
1161,41685.8,6,658,619,,,,,,,,,,,,,,,,8,447,403,,,,,,
1162,41717.8,6,657,619,,,,,,,,,,,,,,,,8,447,403,,,,,,
1163,41749.6,6,657,619,,,,,,,,,,,,,,,,8,447,403,,,,,,
1164,41785.8,6,657,618,,,,,,,,,,,,,,,,7,447,403,,,,,,
1165,41817.3,6,657,619,,,,,,,,,,,,,,,,8,447,403,,,,,,
1166,41849.7,6,657,619,,,,,,,,,,,,,,,,8,447,403,,,,,,
1167,41885.6,6,657,619,,,,,,,,,,,,,,,,8,447,403,,,,,,
1168,41917.4,6,657,619,,,,,,,,,,,,,,,,7,447,403,,,,,,
1169,41954.6,6,657,619,,,,,,,,,,,,,,,,8,447,403,,,,,,
1170,41985.3,6,657,618,,,,,,,,,,,,,,,,7,447,403,,,,,,
1171,42019.5,6,657,619,,,,,,,,,,,,,,,,8,447,403,,,,,,
1172,42049.6,6,657,619,,,,,,,,,,,,,,,,8,447,403,,,,,,
1173,42085.3,6,657,619,,,,,,,,,,,,,,,,8,447,403,,,,,,
1174,42149.4,6,657,618,,,,,,,,,,,,,,,,8,447,403,,,,,,
1175,42185.5,6,658,618,,,,,,,,,,,,,,,,8,447,403,,,,,,
1176,42219.4,6,658,618,,,,,,,,,,,,,,,,8,447,403,,,,,,
1177,42250.5,6,658,618,,,,,,,,,,,,,,,,8,447,403,,,,,,
1178,42285.5,6,658,618,,,,,,,,,,,,,,,,8,446,403,,,,,,
1179,42317.3,6,658,618,,,,,,,,,,,,,,,,8,446,403,,,,,,
1180,42349.3,6,658,618,,,,,,,,,,,,,,,,8,447,403,,,,,,
1181,42385.1,6,658,618,,,,,,,,,,,,,,,,8,446,403,,,,,,
1182,42417.4,6,658,618,,,,,,,,,,,,,,,,8,446,403,,,,,,
1183,42450.3,6,658,618,,,,,,,,,,,,,,,,8,447,403,,,,,,
1184,42485.4,6,658,618,,,,,,,,,,,,,,,,8,447,403,,,,,,
1185,42517.7,6,658,618,,,,,,,,,,,,,,,,8,447,403,,,,,,
1186,42549.5,6,658,618,,,,,,,,,,,,,,,,8,447,403,,,,,,
1187,42585.2,6,658,618,,,,,,,,,,,,,,,,8,446,403,,,,,,
1188,42618.5,6,658,618,,,,,,,,,,,,,,,,7,447,402,,,,,,
1189,42649.5,6,658,618,,,,,,,,,,,,,,,,8,447,402,,,,,,
1190,42685.3,6,658,618,,,,,,,,,,,,,,,,8,446,403,,,,,,
1191,42717.3,6,658,618,,,,,,,,,,,,,,,,7,446,402,,,,,,
1192,42785.1,6,658,618,,,,,,,,,,,,,,,,8,447,403,,,,,,
1193,42849.2,6,658,618,,,,,,,,,,,,,,,,8,447,403,,,,,,
1194,42887.4,6,658,618,,,,,,,,,,,,,,,,8,447,403,,,,,,
1195,42917.7,6,658,618,,,,,,,,,,,,,,,,8,447,403,,,,,,
1196,42950.1,6,658,618,,,,,,,,,,,,,,,,8,447,403,,,,,,
1197,42986.1,6,658,618,,,,,,,,,,,,,,,,8,447,403,,,,,,
1198,43017.9,6,658,618,,,,,,,,,,,,,,,,8,447,403,,,,,,
1199,43049.8,6,658,618,,,,,,,,,,,,,,,,8,447,403,,,,,,
1200,43086.3,6,658,618,,,,,,,,,,,,,,,,8,446,403,,,,,,
1201,43117.2,6,658,618,,,,,,,,,,,,,,,,8,446,403,,,,,,
1202,43185.1,6,658,618,,,,,,,,,,,,,,,,8,447,403,,,,,,
1203,43217.5,6,658,618,,,,,,,,,,,,,,,,8,447,403,,,,,,
1204,43249.5,6,658,618,,,,,,,,,,,,,,,,7,447,402,,,,,,
1205,43285.3,6,658,618,,,,,,,,,,,,,,,,8,447,403,,,,,,
1206,43385.3,6,658,618,,,,,,,,,,,,,,,,7,447,402,,,,,,
1207,43419.7,6,658,618,,,,,,,,,,,,,,,,8,447,403,,,,,,
1208,43449.6,6,658,618,,,,,,,,,,,,,,,,8,446,402,,,,,,
1209,43485.4,6,658,618,,,,,,,,,,,,,,,,8,446,403,,,,,,
1210,43517.6,6,658,618,,,,,,,,,,,,,,,,8,447,403,,,,,,
1211,43550,6,658,618,,,,,,,,,,,,,,,,8,447,403,,,,,,
1212,43585.4,6,657,618,,,,,,,,,,,,,,,,8,447,403,,,,,,
1213,43623.1,6,658,618,,,,,,,,,,,,,,,,7,447,402,,,,,,
1214,43649.7,6,658,618,,,,,,,,,,,,,,,,8,447,402,,,,,,
1215,43717.1,6,658,618,,,,,,,,,,,,,,,,7,447,402,,,,,,
1216,43751,6,658,618,,,,,,,,,,,,,,,,8,447,403,,,,,,
1217,43785.6,6,658,618,,,,,,,,,,,,,,,,8,447,403,,,,,,
1218,43817.9,6,658,617,,,,,,,,,,,,,,,,8,447,402,,,,,,
1219,43849.8,6,658,618,,,,,,,,,,,,,,,,8,447,402,,,,,,
1220,43895.1,6,658,618,,,,,,,,,,,,,,,,8,446,403,,,,,,
1221,43919,6,658,618,,,,,,,,,,,,,,,,8,447,403,,,,,,
1222,43949.4,6,658,618,,,,,,,,,,,,,,,,8,447,403,,,,,,
1223,43985.3,6,657,618,,,,,,,,,,,,,,,,8,447,403,,,,,,
1224,44017.7,6,658,618,,,,,,,,,,,,,,,,8,447,403,,,,,,
1225,44051.4,6,658,618,,,,,,,,,,,,,,,,8,447,402,,,,,,
1226,44085.3,6,658,617,,,,,,,,,,,,,,,,8,447,403,,,,,,
1227,44117.6,6,658,618,,,,,,,,,,,,,,,,7,447,402,,,,,,
1228,44185.1,6,657,618,,,,,,,,,,,,,,,,8,447,403,,,,,,
1229,44217.8,6,658,618,,,,,,,,,,,,,,,,8,446,403,,,,,,
1230,44249.8,6,658,617,,,,,,,,,,,,,,,,8,447,403,,,,,,
